customer_id,full_name,email,phone,city_id,signup_date,is_active
1,Shannon Jones,joshuawashington@example.net,9973763116,4,2025-01-17,True
2,Megan Joyce,brownjessica@example.org,3387262473,8,2025-07-10,True
3,Kimberly Smith,housemelinda@example.org,7736026064,4,2024-10-13,False
4,Rachel Stanley,smoore@example.org,9805009788,1,2025-12-25,True
5,Kurt Leonard,richarddavid@example.net,9909169985,9,2024-09-30,False
6,Michael Evans,sarah10@example.com,1838425135,8,2025-01-24,True
7,Lisa Archer,contrerasangela@example.net,2411824493,6,2026-04-04,True
8,Terry Williams,ccalderon@example.org,2427868011,10,2025-08-07,False
9,Brittany Anderson,michael05@example.org,1586923226,4,2026-04-05,True
10,Michael Moss,josephcobb@example.org,733754330,4,2026-02-25,True
11,Raymond Bell,ifrazier@example.com,1429401965,1,2025-02-22,True
12,Steven Lee,fletcheraaron@example.net,5615951484,2,2026-07-23,True
13,Cheryl Ortega,lbyrd@example.net,6804436995,2,2025-12-25,True
14,Rebecca Moyer,donnacampbell@example.net,1343320037,1,2025-12-09,True
15,Cheyenne Horton,jross@example.net,1632870831,8,2025-06-01,True
16,Linda Dodson DVM,jrivas@example.com,7743487347,9,2025-12-03,True
17,Joshua Taylor,patrickhernandez@example.org,6658760366,1,2025-02-17,False
18,Guy Molina,vmedina@example.net,7346706562,2,2025-05-08,True
19,Leslie Alvarado,dayderek@example.com,465375564,2,2025-08-28,True
20,Amy Crane,debraharrington@example.net,330923271,1,2025-07-12,True
21,Carol Lawson,stricklandfrank@example.com,9049663193,9,2025-12-27,True
22,Kylie Williams,estanley@example.net,671657262,4,2026-03-14,True
23,Karen Graham,marcus31@example.com,3799650752,1,2026-03-16,True
24,Spencer Haynes,angela83@example.org,6783777014,8,2026-03-09,True
25,Kara Schmidt,jbarajas@example.com,7444313518,3,2025-03-14,True
26,Kevin Wolf,tina34@example.org,2408240084,9,2026-01-24,True
27,Julie Alexander,tammyking@example.com,1671902294,6,2026-05-02,True
28,Kyle Montgomery,chayes@example.com,4990913341,10,2025-09-14,True
29,Jason Norris,ocarter@example.com,7134936183,2,2025-09-10,True
30,Eric Curry,scott74@example.net,4887719065,8,2024-09-24,True
31,Sara Johnston,keyemily@example.com,2787429671,2,2024-10-08,True
32,Shannon Rivera,zroberts@example.net,7154516808,7,2025-04-03,True
33,Peter Garrett,harrisandrea@example.com,7109324808,7,2024-12-18,True
34,Julia Wilson,tyronemoran@example.net,6773782639,2,2026-07-29,True
35,Jennifer Villa,lori44@example.net,2787558867,5,2025-02-20,True
36,Reginald Williams,zthornton@example.com,2702895171,5,2025-09-24,True
37,Matthew Moore,qharrington@example.com,1586578091,9,2026-01-13,True
38,Brett Schultz,wallaceheather@example.org,5045562386,1,2026-01-30,True
39,Janet Vega,jdurham@example.org,4740748217,2,2024-12-08,False
40,David Bruce,yvonnecastaneda@example.org,6959440640,3,2025-11-13,False
41,Stephanie Parsons,catherinegomez@example.net,9421047095,8,2026-01-29,True
42,Curtis Buchanan,alyssa42@example.com,4517123685,6,2025-03-29,True
43,Jacob Curry,brenda51@example.net,7098593174,2,2025-02-12,True
44,Zachary Wilson,paigetaylor@example.com,8692617964,9,2024-09-05,True
45,Savannah Garcia,amy50@example.com,3171390053,5,2025-06-23,True
46,Christine Robinson,markhernandez@example.net,4228421020,10,2024-09-22,True
47,Anthony Harmon,reesethomas@example.com,7839084700,7,2025-03-27,True
48,Theodore Jones Jr.,cameronhill@example.net,6984789611,1,2025-12-17,True
49,Gerald Chavez,ublair@example.com,4527111161,2,2025-06-29,True
50,Kristina Santiago,qgomez@example.com,4945198327,3,2024-09-15,True
51,Phillip Andrews,xbruce@example.net,9402445502,9,2026-04-12,False
52,Valerie Davis,nicholaschavez@example.org,4599102290,7,2024-09-22,True
53,Mr. Donald Fischer,reeddaniel@example.net,8403690034,2,2025-11-29,True
54,Jonathan Jordan,omarpadilla@example.net,1606071596,4,2025-03-02,True
55,Vincent Jackson,xcollier@example.org,1369681645,7,2025-03-02,True
56,Kerry Lee,michael23@example.org,4329212779,1,2024-09-27,True
57,Mrs. Tricia Stewart,cjones@example.net,4905814770,10,2025-11-16,True
58,Savannah Gilbert,jford@example.net,7935978207,10,2024-09-28,True
59,David Kim,nwarren@example.org,5466590515,1,2025-08-06,True
60,Mary Escobar,mathewaguilar@example.org,4629148652,8,2025-02-26,True
61,Eric Bean,stacey73@example.org,2141888059,5,2025-08-09,True
62,Michael Weber,jenniferwilliams@example.com,7947383473,2,2024-11-23,True
63,James Rose,lisasolis@example.org,758181412,10,2025-07-06,True
64,Travis Walker,bwilkerson@example.com,6853615305,6,2024-11-18,True
65,Ronald Horton,katherineharrison@example.net,1043289861,4,2024-11-11,True
66,Mark Dean,rodriguezrebecca@example.net,8932460953,2,2024-10-31,True
67,William Jones,myerstheodore@example.net,5405153195,2,2025-12-01,True
68,Carrie Maxwell,epollard@example.net,2170430305,6,2025-09-06,True
69,Dawn Mullins,justinatkins@example.org,4156676527,2,2026-07-27,True
70,Jeff Jordan,amymorris@example.org,4479627570,2,2025-02-13,True
71,Theresa Jones,zcox@example.net,297021355,4,2025-02-19,True
72,Tiffany Watson,berryalyssa@example.com,4310278681,6,2025-10-19,False
73,Melissa Lutz,davidfarrell@example.com,7155188442,3,2025-01-06,True
74,Dr. Cynthia Snyder,angela57@example.net,9114678669,7,2025-01-13,True
75,Michael Cooper,katrinaanderson@example.net,1824225358,9,2025-11-15,True
76,Denise Weber,shawgary@example.net,2995900109,3,2024-12-24,True
77,Kathleen Burton,dawn47@example.org,4710276773,9,2025-06-03,True
78,Morgan Valencia,xanderson@example.net,5371473210,9,2025-03-19,True
79,Stephanie Li,james27@example.net,7470168733,3,2025-06-04,True
80,Stephen Pena MD,booneryan@example.com,6506098358,6,2024-09-08,True
81,Diana Hays,andersoncolin@example.com,8523986800,9,2025-08-06,True
82,Brittany Barry,markaustin@example.org,9495888794,10,2026-03-13,True
83,Jason Parker,carlsonjoseph@example.net,972896230,10,2025-04-02,True
84,Christian Vaughn,nshaw@example.com,2838578652,1,2024-08-16,True
85,Sharon Becker,chelsea33@example.com,3443757584,10,2025-09-06,True
86,William Cardenas,kellyroberts@example.net,5747338484,1,2025-12-10,True
87,Anthony Stein,danawilliams@example.com,7120826773,3,2026-01-26,True
88,Ann Andrews,gentrygregory@example.org,6724004991,6,2025-11-18,True
89,Kathleen Mays,znelson@example.org,2742054932,9,2026-07-27,True
90,Michael Lopez,thomasboyle@example.org,6374549904,1,2025-08-14,True
91,Christopher Parks,hannah45@example.net,3272795687,2,2025-12-04,True
92,Rachel Fox,christian91@example.org,9822587139,9,2025-12-13,True
93,Carlos Perry,hansenemily@example.com,6403910651,4,2025-06-24,True
94,Dustin White,katiegood@example.net,5676618251,1,2026-07-24,True
95,Courtney Smith,goodsteven@example.net,8633752431,10,2025-08-24,True
96,Alexis Harris,wheelersean@example.net,3067383028,5,2026-02-13,False
97,Megan Flores,nancy83@example.com,4089268705,9,2025-03-24,False
98,Elijah White,oallen@example.com,7086688263,7,2025-12-25,True
99,Sarah Davis,brettbennett@example.net,1398373540,4,2025-11-18,False
100,Suzanne Dominguez,randyallen@example.com,6785445877,3,2026-01-30,True
101,Jason Hart,joycesmith@example.net,4235369378,8,2026-06-02,True
102,Katherine Jackson,gary87@example.org,8010062312,2,2026-07-10,True
103,Mark Peck,bhopkins@example.org,84840862,3,2025-07-02,True
104,Joseph Ochoa,laura15@example.com,9334101666,3,2024-11-19,True
105,Angela Bruce,ariel18@example.org,3974014890,6,2025-11-11,True
106,Nicole Marquez,thickman@example.org,9685621850,7,2026-07-06,True
107,Randy Friedman,unovak@example.org,7735866296,7,2026-04-08,True
108,Angela Moore,jodistewart@example.org,475412126,6,2026-03-09,True
109,Brandon Spencer,michelle04@example.com,1839826224,1,2025-08-12,True
110,Donald Evans,wardsheryl@example.net,9937124065,1,2024-11-17,False
111,Rodney Curtis,kevinmorrison@example.net,7526547935,7,2025-06-20,True
112,Christina Osborn,erinpierce@example.net,3741672434,1,2025-04-26,True
113,Karen Morales DDS,ystephens@example.com,1352909656,1,2024-09-26,True
114,Kelly Carpenter,seanmyers@example.net,5071461125,6,2025-02-08,True
115,Hannah Davis,tflores@example.org,512382825,8,2026-02-27,True
116,Cody Davidson,vfoster@example.net,7966033419,5,2025-01-19,True
117,Brian Lambert,orose@example.com,9691557924,4,2025-04-27,True
118,David Wilson,heather86@example.com,9662782827,7,2025-12-07,True
119,Anthony Howard,washingtonjames@example.com,6767721903,8,2025-03-20,True
120,Richard Cunningham,hdunn@example.net,4858078361,8,2025-01-14,True
121,Robert Gonzales,rowejoel@example.net,9629233095,2,2025-06-27,True
122,Michael Roberts,stephanie81@example.org,422325367,8,2025-08-31,True
123,Bernard Norton,powellkara@example.net,7759017518,1,2025-11-04,True
124,Frank Campbell MD,ashleewashington@example.com,170127706,8,2026-03-28,True
125,Denise Pena,christopher20@example.com,3611037129,3,2024-11-27,True
126,Ruth Mcneil,ebenson@example.org,6111554262,5,2024-08-09,True
127,Carly Bell,courtneyhernandez@example.com,3112196565,5,2025-09-18,True
128,Kyle Griffith,kimberly04@example.org,6403761379,4,2025-11-17,True
129,Bonnie Valencia,rdiaz@example.org,1091043006,3,2026-07-25,True
130,James Davidson,joshuacollins@example.net,2856914630,3,2026-02-14,True
131,Amy Wade,davidzimmerman@example.net,2758842524,10,2024-10-26,True
132,Austin Joseph,crawfordwilliam@example.org,9252419138,2,2026-03-15,True
133,James Hernandez,tranrobin@example.net,3536541951,4,2025-01-28,True
134,Amber Morales,xcline@example.com,1870534949,9,2025-01-13,True
135,Raymond Gonzalez DVM,edwardrandolph@example.org,8505064138,9,2025-10-09,True
136,Brenda Ramirez,morsephyllis@example.net,5719182619,6,2026-07-06,True
137,Eddie Rosales,vhaynes@example.com,7431329121,8,2025-11-30,True
138,Hunter Townsend,qparker@example.org,2490352135,9,2025-03-20,True
139,William Johnson,jbond@example.net,1712100323,5,2025-12-11,True
140,Robert Johnson,gonzalezdebbie@example.org,5107029667,5,2025-10-02,True
141,Cody Ramirez,austinharvey@example.org,7687014626,3,2024-12-07,True
142,Rebecca Mayo,timothy75@example.net,6420593040,7,2025-11-07,True
143,Dr. Ariel Sandoval MD,gallagherstacie@example.net,5223955905,10,2026-02-14,True
144,William Keith,lweaver@example.com,1039308705,10,2025-09-18,True
145,Robert Oneill,johnsonbrenda@example.org,8515691545,3,2025-04-09,True
146,Marie Thompson,jeffrey92@example.com,4220969029,6,2026-03-04,True
147,Jon Rivera,youngtoni@example.org,5704331541,7,2025-11-13,True
148,Christopher Gutierrez,ybell@example.org,9327104054,10,2025-06-19,True
149,Nicholas Payne,morgantricia@example.com,6296201533,1,2024-12-05,True
150,David Williams,xhernandez@example.org,1497310324,7,2025-02-12,True
151,John Guerrero,maypaul@example.com,5270477434,2,2025-03-16,True
152,Angelica Cooper,larellano@example.org,6868793741,7,2026-02-03,True
153,Laura Mcgrath,davidtodd@example.org,3320616329,1,2025-09-24,True
154,Kristen Gates,astark@example.net,1622999119,5,2024-10-05,True
155,Deborah Pena,rjohnson@example.com,9960653074,5,2026-05-08,True
156,Douglas Vasquez,comptonjeremy@example.com,5469137367,2,2026-03-23,True
157,Eric Hunter,kimberlywarren@example.net,2330307053,3,2025-08-14,True
158,Becky Johnson,tracy72@example.com,5241406029,10,2025-08-07,True
159,Jason Smith,wellsdavid@example.org,3494466574,1,2025-12-11,True
160,Jennifer Garcia,anna99@example.com,1715454443,7,2025-12-11,False
161,Rebekah Greene,erin07@example.com,6660993538,6,2026-05-22,True
162,Matthew Grant,connor24@example.net,5135346554,8,2025-03-10,True
163,Sean Silva,kennedyjames@example.org,8460223569,1,2026-04-17,True
164,Bobby Cook,lawrencebrown@example.com,3292712966,9,2026-04-25,True
165,Curtis Watson,mcclainkatherine@example.net,33542168,7,2025-05-10,True
166,Travis Bryant,ryan25@example.com,3260332309,4,2024-09-19,True
167,Amanda Mcdowell,kelsey90@example.net,1001676184,7,2025-04-27,True
168,Elizabeth Stanley,cindy26@example.org,4117393483,7,2025-12-24,True
169,Susan Watts,arivera@example.org,1972181143,10,2024-11-28,True
170,Christopher Williams,michael56@example.net,1002255794,8,2025-07-08,False
171,Victor Nelson,evaughn@example.com,1202169797,2,2024-12-14,True
172,Shari Hobbs,timothyfreeman@example.com,145089935,4,2026-02-23,True
173,Danielle Reed,jhernandez@example.net,287721753,8,2024-10-11,True
174,Jamie Montoya,stevenslaurie@example.com,7751701660,8,2025-08-08,True
175,Tracey Walsh,diamondbryant@example.com,375899757,3,2026-03-29,True
176,Mark Marsh,jacqueline02@example.com,6149331637,10,2024-08-04,True
177,Mark Powers,bartonshannon@example.net,7080869782,2,2026-02-07,True
178,Lisa Morris,mbarnes@example.net,4654722698,6,2024-10-17,True
179,Mackenzie Harris,glenda22@example.net,1587996846,4,2026-01-05,True
180,Michael Gonzalez,tonyavega@example.org,4380571983,8,2024-08-21,True
181,Melissa Schwartz,housepaul@example.net,8004397359,8,2025-08-11,True
182,Elizabeth Thompson,lopezglenn@example.net,6064842294,1,2026-02-21,True
183,Christian Morris,ayalacolleen@example.net,7985158328,4,2026-01-03,True
184,Anna Walker,elizabethrivera@example.com,9878015739,4,2025-06-03,True
185,Thomas Landry,uscott@example.com,8588770435,5,2025-12-14,True
186,Kimberly Smith,clarkcrystal@example.org,1386120750,2,2024-12-03,True
187,Benjamin Underwood,rickey76@example.com,618091901,4,2024-12-11,True
188,Lisa Campbell,qjames@example.org,2832684245,1,2025-03-02,True
189,Kenneth Long,torreskaitlin@example.net,3682223943,10,2024-11-14,True
190,Tara Gamble,enewman@example.com,4139755231,9,2026-04-17,True
191,Jerry Jensen,heather29@example.net,5620533645,2,2026-05-22,True
192,Eric Arnold,debbiemiller@example.com,8341108099,8,2025-07-07,True
193,Kimberly Lutz,jvaldez@example.com,3942788165,4,2026-05-27,True
194,Lisa Martin,seanwhite@example.net,7503731453,9,2026-04-14,True
195,John Gibson,williamsdeborah@example.org,4989266591,10,2026-05-28,True
196,Jared Roth,tommy79@example.org,7231843222,9,2026-07-15,True
197,Gary Wilson,lmendoza@example.org,302992280,3,2025-11-29,True
198,Kellie Sullivan,johnsjessica@example.com,3797723692,4,2024-12-02,True
199,Nathaniel Cooper,ecarlson@example.org,6210388629,5,2025-11-28,True
200,Sherry Schmidt,davisdonna@example.net,6865086376,6,2026-05-24,True
201,John Hall,campbellnancy@example.com,3009818063,1,2024-10-13,True
202,Kevin Green,ncunningham@example.com,3688725887,7,2024-10-19,True
203,Nancy Wyatt,adkinssean@example.net,1386589026,3,2025-04-11,True
204,Anita Baker,christopher06@example.com,9027703843,9,2025-07-13,True
205,Christopher Johnson,dianacantrell@example.org,6566938011,6,2025-08-15,True
206,Victor Hill,shawnpowell@example.org,2681818451,1,2026-06-02,True
207,Melissa Church,wcarrillo@example.com,7907141633,7,2026-03-20,True
208,Ronnie Wright,rosskaitlyn@example.com,8275539423,9,2025-08-15,True
209,Christine Harris,marykelly@example.org,1790807595,6,2026-01-22,True
210,Dr. Diana Walker,brianlloyd@example.com,8562718750,6,2025-07-27,True
211,Louis Green,joel79@example.com,2763655647,2,2025-10-01,True
212,Robin Le,angelachase@example.org,2702672885,9,2026-07-19,True
213,Jennifer Vaughn,lewisjonathan@example.net,7545588450,4,2025-09-17,True
214,Christina Johnston,tiffanymitchell@example.com,7169472256,10,2026-04-29,True
215,Christopher Perez,denise49@example.net,4759876220,10,2026-04-15,True
216,Angela Jackson,davissharon@example.com,681149216,9,2026-06-21,True
217,Cameron Rose,anthonyalvarado@example.com,7848728299,3,2026-01-24,True
218,Emily Reed,lindaramos@example.com,4240082547,8,2025-08-20,True
219,Adam Jordan,carla08@example.com,6866326634,1,2026-06-26,True
220,Lisa Benson,justin84@example.com,1224179749,10,2025-08-15,True
221,Joseph Lopez,campbelldavid@example.com,3120735647,7,2024-08-17,True
222,Tiffany Brown,ejones@example.org,4601367303,6,2025-04-01,True
223,James Ali,eric08@example.net,4743503136,4,2025-12-02,True
224,Jennifer Sanchez,perkinshannah@example.net,5132719500,2,2026-03-06,True
225,David Holden,linda73@example.org,5240778487,10,2026-03-04,True
226,John Dillon,caseymoore@example.com,8570862095,6,2025-09-04,True
227,Kimberly Hughes,jcannon@example.net,5651181022,1,2026-01-12,True
228,Kenneth Huff,sfox@example.net,539103717,10,2025-07-23,True
229,Samantha Bauer,colonjoseph@example.org,4138113863,1,2026-01-28,True
230,Kristin Grant,mirandabarbara@example.net,6122868528,7,2025-09-23,True
231,Yesenia Kirk,bduran@example.net,9398368457,8,2026-05-24,True
232,Ms. Kelly Holder,adam33@example.com,4888992107,6,2026-01-15,True
233,Danielle Scott,christopher69@example.org,5727919409,5,2025-02-12,True
234,Shawn Hamilton,kanejeremy@example.net,6048058925,1,2026-06-07,True
235,Jenna Griffin,walkerkeith@example.com,2517908641,10,2024-09-08,True
236,Chad Hansen,kfoster@example.org,3146591166,2,2026-02-19,True
237,Allison Torres,christina79@example.org,335211039,8,2025-03-25,True
238,Elizabeth Ruiz,jason83@example.org,8792069804,1,2025-04-10,True
239,Denise Marshall,jonesdonna@example.net,1046368157,10,2024-12-27,True
240,Judith House,williamssandra@example.com,7620555438,1,2024-12-17,True
241,Robin Johnson,jeremiah56@example.net,1689363926,4,2026-05-07,True
242,Matthew Carpenter,michelleparker@example.net,6292518812,7,2025-06-27,False
243,Jennifer Jenkins,oreese@example.net,2312209949,7,2026-02-13,True
244,Alexander Miller,manderson@example.com,2677223306,10,2025-10-12,True
245,Christina Harris,saraduke@example.net,5736609656,7,2025-01-12,True
246,Michele Johnson,hayesmargaret@example.org,8860868034,8,2025-08-29,True
247,Christopher Phillips,vaughnrebecca@example.com,1812982665,2,2026-02-19,True
248,Stephanie Khan,wrightheather@example.net,1117518689,8,2025-06-30,True
249,Susan Cunningham,fernandothomas@example.net,6447421230,2,2025-05-08,True
250,Kimberly Smith,lyoung@example.net,7671990384,10,2025-07-04,True
251,Matthew Johnson,estradamary@example.com,1016224999,6,2024-09-07,True
252,Andrew Mack,miguel61@example.com,4721458683,7,2026-02-01,False
253,Lori Benitez,mramsey@example.net,6954899529,2,2024-10-21,True
254,Dr. Stephen Hall IV,aaronjohnson@example.net,3966055830,6,2026-01-18,True
255,Jonathon Nguyen,wilsonmathew@example.com,2355770272,8,2026-03-03,True
256,Tanya Brown,annette58@example.net,3955124056,4,2025-07-07,True
257,Bruce Patton,janet50@example.com,1735743842,8,2025-10-19,True
258,Jill Johnson,jstein@example.org,7845218230,6,2026-02-22,True
259,Andrew Charles,cookpamela@example.org,943533448,8,2024-10-26,True
260,Brian Mullen,clarkmichael@example.com,2493214958,7,2025-02-18,True
261,Amber Reyes,simmonsharold@example.net,9545381792,7,2024-08-24,True
262,Michelle Marshall,staceythomas@example.net,5625577017,6,2025-07-02,True
263,Randy Munoz,williamsullivan@example.net,5814876963,3,2025-07-06,True
264,Mr. Daniel Benson,bmueller@example.net,8321971997,2,2024-11-27,True
265,Tyler Jones,jenningscandace@example.com,7013290227,6,2026-03-26,True
266,Daniel Rich,ashley46@example.net,1909862405,1,2025-10-26,True
267,Heather Callahan,youngjacqueline@example.com,6666832723,2,2025-12-30,True
268,Zachary Santiago,alexanderwong@example.org,6212679692,3,2026-04-09,True
269,Henry Lopez,lanemelanie@example.org,6895009751,10,2025-09-10,True
270,Victoria Terrell,steven18@example.net,3718949058,4,2024-11-14,False
271,Nicholas Fisher,keith09@example.net,9407929049,3,2025-08-12,True
272,Sarah Ramirez,christinahill@example.com,1929275243,5,2024-10-02,True
273,Bradley Thomas,marymullins@example.com,3723950410,2,2026-04-25,True
274,Travis Nielsen,noahthornton@example.com,2860476580,7,2025-07-17,True
275,Thomas Garrison,joseph14@example.net,7393852580,6,2026-07-02,True
276,Melissa Bell,johnathan00@example.net,939111926,3,2025-05-30,True
277,John Mayer,rlivingston@example.com,4214066504,10,2025-12-24,True
278,Christina Long,irodriguez@example.com,9174101194,4,2024-09-22,True
279,Tasha Ortega,edward56@example.net,8776618306,1,2024-11-19,False
280,Felicia Turner MD,diazmelissa@example.com,7432806346,2,2025-08-29,True
281,Nancy Taylor,anthonydavies@example.org,6184787005,8,2024-10-04,True
282,Matthew Mills,joycehall@example.org,2707903202,3,2025-05-26,True
283,Kevin Meyers,wilsonbrooke@example.net,1365651982,4,2025-07-02,True
284,Bryan Thomas,xjackson@example.net,7390219620,9,2025-10-10,True
285,Michelle Wheeler,robert72@example.org,4876329092,6,2024-08-08,True
286,Hannah Smith,jamesdowns@example.org,8837340312,4,2025-11-04,True
287,Amy Diaz,ryancook@example.com,1082207811,2,2024-11-27,True
288,Paul Villanueva,kimberlynguyen@example.org,6363179706,9,2025-09-30,True
289,Chad Cortez,theresa35@example.org,9042177625,4,2025-07-01,True
290,Tiffany Whitehead,christophervincent@example.com,9774063356,1,2024-11-25,False
291,Stephanie Butler,williamsthomas@example.net,6867177318,3,2026-06-25,True
292,Matthew Davis,kcaldwell@example.net,9907726257,4,2024-11-08,True
293,Andrew Simmons,helen98@example.net,1950850165,6,2026-05-18,True
294,Justin Jones,devonrogers@example.net,7933554864,4,2025-04-27,True
295,Mr. Bryan Mckinney,shannon51@example.org,1162411241,9,2025-04-12,True
296,Lori Carter,thomasfisher@example.net,4310385695,5,2026-05-04,True
297,Kimberly Ellis,rachelparker@example.com,7540254729,4,2025-12-02,True
298,Michael Conway,evanwilson@example.com,7452380552,10,2024-12-14,True
299,Barbara Johnson,dmack@example.com,885474929,2,2026-07-17,True
300,Brenda Pierce,angel93@example.com,1509398343,5,2026-01-19,True
301,Tina Daugherty,ulee@example.net,5626565045,7,2026-04-15,True
302,Nicholas Wallace,slara@example.org,6299123478,9,2026-05-04,True
303,Jason Rocha,dthompson@example.net,3264870494,5,2026-02-06,True
304,Brittany Evans,qmartinez@example.com,2730147195,7,2025-01-14,True
305,Michael Mccann,brooksjessica@example.org,2902572520,6,2025-06-17,True
306,Amber Carter,palmerkatie@example.org,9285544518,10,2025-11-11,True
307,Jacqueline Washington,samantha21@example.org,8338988816,10,2024-08-12,True
308,Karen Collins,don79@example.net,2401322342,1,2026-03-24,True
309,Ashley Smith,ctodd@example.org,890714014,7,2025-06-09,True
310,Steven Lopez,anthony24@example.net,5289389119,3,2026-06-06,True
311,Carolyn Webster,beltrancorey@example.org,5927125663,7,2026-01-08,True
312,Mrs. Ashley Taylor,janet80@example.org,7164794738,5,2024-10-24,True
313,Ryan Alvarez,harry71@example.com,8112669121,1,2024-12-19,True
314,Jennifer Hall,rhardy@example.net,6579678427,8,2024-12-27,True
315,Tommy Johnson,greertyrone@example.org,6952499118,7,2025-07-26,True
316,Mr. Joshua Pacheco MD,cisnerosanthony@example.com,6756770028,1,2025-03-05,True
317,James Gallagher,rkeller@example.net,7828064796,4,2025-06-13,True
318,Andrew Hood,lisa90@example.net,6165565033,10,2025-03-25,True
319,Sheila Wilson,andrewnguyen@example.com,9864079056,9,2024-10-04,True
320,Ariel Leonard,tyler52@example.net,5637183440,7,2025-09-25,True
321,Tina Robbins,vargasjoshua@example.net,6351484685,7,2026-03-14,True
322,Megan Kelley,burtonzachary@example.org,3748969083,2,2025-02-02,True
323,Pamela Richard,eflores@example.net,6442493631,8,2025-01-25,True
324,Julie Castro,chenderson@example.org,4204482070,5,2025-01-29,True
325,Stephanie Russell,emily16@example.net,3198189847,7,2025-10-16,True
326,Erin Silva,vshaffer@example.org,3212347649,10,2024-10-31,True
327,Emily Coleman,sylviasuarez@example.org,7540900348,7,2025-05-03,True
328,Kimberly Young,zprice@example.com,1343275604,8,2026-05-25,True
329,Faith Henderson,hollowayholly@example.net,5698570027,2,2026-01-23,True
330,Kenneth Rodriguez,zacharybooker@example.net,9657724295,5,2024-12-27,True
331,Shawn Duffy,andrewjohnson@example.net,1734206969,4,2025-06-01,True
332,Keith Smith,dayala@example.net,1333447626,9,2026-07-04,True
333,Michael Barnes,bsparks@example.com,3973597107,6,2026-07-31,True
334,Michelle Fitzgerald,charles80@example.org,3759900489,5,2025-12-18,True
335,Steven Williams,jorgegordon@example.com,2158624150,8,2025-12-06,False
336,Diane Mcdowell,zachary62@example.com,2870320320,9,2026-01-31,True
337,Zachary Ho,alexandervanessa@example.net,7712151342,10,2026-01-01,True
338,Christy Bolton,foxashley@example.com,3715041659,2,2025-09-18,True
339,Michael Castillo,brooke05@example.org,5923045018,4,2024-08-24,True
340,Vincent Glenn,smithjared@example.com,4214764925,1,2025-05-21,True
341,James Adams,bdavis@example.com,6610857327,8,2024-12-27,True
342,Terry Woods,traceysutton@example.com,8649081081,9,2025-03-03,True
343,Laura King,brenda80@example.org,2260164597,7,2024-10-11,True
344,Rhonda Clark,burgesscassandra@example.net,6800610277,1,2025-04-09,True
345,Lisa Vazquez,fballard@example.org,310303723,4,2025-03-12,True
346,Brittany Henderson,martinelijah@example.net,7707933496,2,2024-10-04,True
347,Jessica Perry,mmclaughlin@example.net,767899730,2,2024-10-17,True
348,Debra Wong,nwilson@example.net,7602437573,1,2025-09-28,True
349,Lance Kirby,sanderson@example.net,6572934172,8,2026-05-29,True
350,Jason Chaney,jimmy80@example.org,4522801561,9,2025-10-19,True
351,Dr. Richard Hammond,paula89@example.net,771199180,8,2025-09-17,True
352,Susan Moore,jean87@example.net,2552137603,6,2025-11-06,True
353,Jaime Fischer,crystal32@example.net,3266678507,3,2025-08-07,True
354,Ernest Holden,ryanlong@example.org,9084668455,3,2026-06-23,True
355,Jared Schneider,zterry@example.net,3410856288,3,2025-10-23,True
356,Glen Reid,johnsonlaura@example.net,3468105485,8,2025-08-12,True
357,Abigail Morgan,lindazhang@example.net,5449268315,3,2025-06-27,True
358,Brent Dawson,dmiller@example.com,7371586988,1,2026-03-27,True
359,Jeremiah Galvan,adennis@example.org,8277288137,7,2025-08-02,True
360,Trevor Guzman,xrodriguez@example.net,821545447,8,2026-06-24,True
361,Timothy Torres,jason70@example.org,1067949756,9,2026-02-26,True
362,Julia Cole,uhernandez@example.com,9966365807,3,2026-02-10,True
363,Rebecca Zimmerman,schneiderchristopher@example.net,9837801820,9,2026-01-01,True
364,Lauren Miller,richard07@example.org,6260856411,8,2026-04-01,True
365,Randy Moore,dgregory@example.net,2004615265,3,2025-02-27,True
366,Kyle Young,ravery@example.org,7861706304,7,2024-09-09,True
367,Rachel Torres,ogriffin@example.net,2582386870,5,2025-01-30,True
368,April Mahoney,qnelson@example.net,5398402891,1,2025-03-02,True
369,Molly Lutz,gclark@example.com,4743553795,4,2025-12-26,True
370,Adam Thompson,ifarmer@example.org,8071569562,1,2025-10-22,True
371,Adam Paul,erin53@example.org,3375047930,3,2025-04-30,True
372,Kathleen Arnold,cameronanderson@example.org,4938430894,10,2026-04-30,True
373,Terri Williams,ryan64@example.org,7580304687,8,2026-06-19,True
374,Kenneth Johnson,tiffanycoleman@example.org,3254110760,6,2024-12-23,True
375,Tyler Wall,april31@example.net,1791100651,10,2025-01-30,True
376,Jessica Garcia,hansenkenneth@example.com,1963990767,9,2024-09-12,True
377,Megan Johnson,briana11@example.org,9392845679,8,2024-10-16,True
378,Cameron Silva,larry82@example.org,4954508920,2,2024-11-11,True
379,Craig Gonzalez,kristenpeterson@example.net,7959959465,1,2026-04-22,True
380,Kathleen Mora,heatherowens@example.org,7563620501,4,2026-05-05,True
381,Cory Willis,bradley03@example.org,2342583230,1,2024-10-26,True
382,Jamie Cobb,morganjason@example.com,5528961122,4,2024-08-18,True
383,Kyle Rowland,samanthahines@example.net,8425304289,5,2025-05-06,True
384,Lisa Jackson,ppotter@example.net,7872558777,10,2026-02-27,True
385,Marie Clark,shannonyoung@example.org,6692548121,7,2025-11-12,True
386,Julie Oliver,bhayes@example.com,7546027341,5,2025-04-17,True
387,Maria Hartman,coreyjones@example.org,5354443928,2,2026-04-10,True
388,Zachary Bautista,kennedywilliam@example.org,3337389877,5,2025-02-25,True
389,Tom Butler,jcole@example.org,2924075536,5,2026-04-13,True
390,Latoya Johnson,ericcisneros@example.com,6361863715,4,2025-03-10,True
391,Juan Johnson,mjohnson@example.org,4334817058,3,2024-10-10,True
392,Christopher Rodriguez,emendoza@example.com,2346729949,10,2026-04-23,True
393,Charles Brown,pjacobs@example.net,9777901475,1,2025-02-20,False
394,Jennifer White,qellis@example.org,6032484137,7,2026-03-27,True
395,Brian Miranda,robert24@example.org,7017656360,4,2026-07-31,True
396,Michael Marshall,jjones@example.net,7274220912,6,2026-01-03,True
397,Michael Smith,eric52@example.org,8370816470,4,2026-01-26,True
398,Tanya Brooks,jamessmith@example.org,5313122068,6,2026-02-18,True
399,Daniel Weaver,nmartinez@example.org,5206506373,5,2025-09-17,True
400,Daniel Turner,gbird@example.net,4195625257,6,2025-04-29,True
401,Janet Davidson,wesleybush@example.org,914363910,7,2025-10-21,True
402,Dan Johnson,vstevenson@example.org,5086403553,6,2025-03-07,True
403,Danielle Mcdaniel,cathyjames@example.com,7017130232,2,2026-05-27,True
404,Christine Romero,thardy@example.org,3629344973,10,2025-09-08,True
405,James Ruiz,vwagner@example.com,7066149828,9,2026-06-29,True
406,James Obrien,cookjennifer@example.org,3008576665,10,2025-07-07,False
407,Jennifer Williams,cruzariel@example.org,4587506633,1,2025-11-14,True
408,Melissa Brewer,catherine24@example.org,116691836,9,2025-11-07,True
409,Kim Tanner,jessica11@example.net,2436402701,2,2025-12-21,False
410,Jeffrey Thompson,janegonzalez@example.org,7932302346,2,2025-06-03,True
411,Edward Gray,caleb09@example.org,7100409013,8,2026-04-29,True
412,Dr. Tara Kennedy,cassandra55@example.net,5356690551,3,2025-10-17,True
413,Brenda Guzman,stephanie35@example.com,8630505057,6,2026-01-15,True
414,Angela Patterson,shatfield@example.org,4932898027,10,2025-05-22,True
415,Steven Friedman,pbates@example.org,2116025643,9,2026-07-25,True
416,Madeline Vasquez,monica99@example.org,6686334141,10,2025-12-02,True
417,Natasha Wilson,david56@example.net,4098366552,1,2026-01-26,True
418,Joshua Murray,lisaphillips@example.org,7294209548,4,2025-01-12,True
419,Kathleen Padilla,zbrown@example.com,3302764208,5,2025-07-18,True
420,Norma Myers DDS,justin38@example.com,2590472927,2,2025-12-11,True
421,Christina Curtis,jessica91@example.net,6620157201,5,2025-01-03,True
422,Nathan Sanchez,allentracy@example.net,6176475011,1,2025-06-16,False
423,Courtney Matthews,vhill@example.org,6764921518,1,2025-11-14,True
424,Rachel Moreno,stonebrenda@example.net,3129208751,9,2025-05-17,True
425,Justin York,millerdavid@example.com,8260340848,8,2024-12-31,True
426,Thomas Shea,haileybates@example.org,324329839,5,2025-07-27,True
427,Joshua Green,ricardomiller@example.com,2831435989,4,2026-01-17,True
428,Jamie Maynard,chrismartinez@example.org,1515542340,3,2025-03-22,True
429,Timothy Thompson,brianna71@example.net,9484910256,8,2025-05-06,True
430,Jennifer Vargas,albert82@example.net,2694053967,6,2025-09-10,True
431,Desiree Patterson,kevinhodge@example.com,5111312901,4,2026-03-09,True
432,Travis Rhodes,timothyrobertson@example.net,6093068538,4,2026-03-16,True
433,Timothy Gallagher,gregoryrichardson@example.org,676251538,5,2025-06-26,False
434,Aaron Welch,trobinson@example.net,7970509754,3,2025-07-22,True
435,Jennifer Smith,fvasquez@example.net,6170243765,3,2025-04-15,True
436,Debra Mayo,wmartin@example.net,531340266,9,2026-05-17,True
437,Tina Bird,fisherandrea@example.net,5686211022,5,2025-12-02,False
438,Michael Peterson,hamiltonkeith@example.com,6392823414,10,2026-02-14,True
439,Ashley Cross,jacobbond@example.net,3126043260,3,2025-07-15,True
440,Joseph Graves,jeffreysimmons@example.org,414545635,9,2026-04-26,True
441,Erica Mitchell,rebekah16@example.org,7554110825,7,2024-08-03,True
442,Matthew Clark,gmiller@example.org,933711895,6,2025-08-24,True
443,Carl Barnes,patricia85@example.com,1617688029,6,2025-08-28,True
444,Rebecca Benson,isimpson@example.net,2786866943,9,2024-09-05,True
445,Alexa Mcfarland,ugordon@example.net,4344812308,3,2025-09-25,True
446,Diana Anderson,dayjohn@example.org,595518426,9,2025-11-13,True
447,Alexandra Kelly,gregory08@example.net,6498373543,8,2026-07-24,True
448,Jessica Hernandez,ldavis@example.com,2397240422,1,2025-06-25,True
449,David Stout,hgarcia@example.org,9166010023,3,2024-09-22,True
450,Rebecca Smith,danielsloretta@example.net,3279724572,5,2026-06-20,True
451,Barbara Bryan,stephenscurtis@example.com,303662543,4,2025-12-21,False
452,Brian Sosa,charles51@example.com,922685926,2,2024-12-04,True
453,Brian Hendricks,sarah10@example.org,5267711964,9,2026-03-23,True
454,James Flores,aolson@example.net,2366878878,3,2026-07-31,True
455,Kelsey Frank,jacquelineyoung@example.org,587210552,7,2024-10-03,True
456,Tara Fisher,mariabrown@example.org,2606501917,5,2026-04-05,True
457,David Smith,lhernandez@example.com,8476570412,10,2024-11-18,True
458,Alexandra Wall,qspencer@example.net,3624186236,10,2026-02-03,True
459,Vanessa Jacobs,velasqueztaylor@example.com,6205634111,9,2025-05-16,True
460,Joshua Jones,avilakyle@example.net,341990970,4,2024-08-23,True
461,Howard Campbell,uporter@example.com,2156818209,2,2026-06-23,True
462,Christopher Fleming,mcclurechristopher@example.net,3228898572,8,2026-04-30,True
463,Amanda Marquez,nallen@example.net,2971024817,6,2025-11-01,True
464,Barry Ray,christopher27@example.com,4721970546,2,2024-12-05,True
465,Lori Edwards,flemingwilliam@example.com,9038021462,10,2025-06-21,True
466,Maureen Bailey,dday@example.org,2166365155,9,2025-01-13,True
467,Donald Johnson,stacythomas@example.org,9096056730,9,2025-12-29,True
468,Angela Jones,tmiller@example.com,8342016542,5,2025-02-16,True
469,Rachel Sheppard,sgomez@example.net,893199255,1,2025-07-21,True
470,Mr. Ricky Craig III,mcneilsherry@example.org,9103368296,7,2026-06-16,True
471,Laura Smith,allen48@example.org,7665586851,8,2026-06-30,True
472,Carla Graham,megan64@example.net,1110961798,4,2025-05-02,True
473,Dylan Fisher,kimberlyarnold@example.org,7157660538,6,2025-10-01,True
474,Susan Nunez,mcculloughrobert@example.org,2589552963,2,2025-03-15,True
475,Anthony Frederick,oanderson@example.com,6582631281,7,2025-10-27,True
476,Frank Davis,kimcristina@example.net,981960275,8,2026-04-07,True
477,Danielle Deleon,qtownsend@example.org,1209117911,1,2025-03-08,False
478,Johnny Ward,peterhenry@example.org,1713665722,3,2026-05-18,True
479,Sarah Wilson,victoria79@example.net,2841390808,10,2025-11-28,True
480,Daniel Murphy,christopherholt@example.org,4731584776,6,2026-04-28,True
481,Ryan Love,ygarcia@example.net,2376769459,10,2025-02-01,True
482,Jacqueline Chen,colepamela@example.net,9649856012,10,2025-06-12,True
483,Matthew Watson,david50@example.net,3795381649,8,2025-04-21,True
484,Lawrence Ware,berrydebbie@example.net,5533077046,6,2024-10-17,True
485,James Ray,andrew90@example.com,2608805017,3,2024-12-06,True
486,Jennifer Hawkins,troy06@example.com,7159103002,9,2025-02-19,False
487,Nathaniel Burnett,villamiranda@example.com,1041459642,4,2025-01-15,True
488,Charles Silva,qwalsh@example.org,9774573144,9,2024-10-29,False
489,Matthew Foley,jonestroy@example.org,3763715398,5,2026-04-05,True
490,Sarah Garcia,jefferycox@example.com,6314624912,5,2026-01-02,False
491,Chelsea Johnson,hbell@example.net,5632686850,9,2025-01-25,True
492,Monique Henderson,jaime29@example.com,8610313100,10,2024-10-13,True
493,Darrell Oliver,gmyers@example.org,7323549401,7,2024-09-20,True
494,Terry Allen,erin22@example.com,2076502412,4,2025-07-17,True
495,Katherine Wright,williamsandre@example.net,3882211457,5,2026-07-12,True
496,Mr. Adam Gomez,patricia97@example.org,8026325703,9,2025-02-07,True
497,Thomas Gray,sheppardnatalie@example.net,8245569644,2,2024-12-31,True
498,Logan Hamilton,yknight@example.com,1072728498,2,2025-08-18,True
499,Alexis Williams,margaret10@example.com,650042548,10,2025-03-01,True
500,Nicholas Reynolds,carterantonio@example.com,6661449429,5,2026-01-06,True
501,Danielle Butler,kevinmiller@example.net,8266128758,6,2024-11-12,True
502,Jason Johnson,bernardrobert@example.org,3985298940,3,2025-06-11,True
503,Phillip Holmes,millerjoseph@example.net,5914975019,5,2025-12-05,True
504,Tracy Taylor,kevincollins@example.org,9311029181,9,2025-08-15,True
505,Jill Brown,evanstimothy@example.org,8497916202,1,2025-07-15,True
506,Christina Castillo,elizabeth97@example.com,6617662047,3,2025-08-11,True
507,Matthew Barry,wwilliams@example.org,7402588358,10,2024-08-11,True
508,Matthew Hart,yespinoza@example.org,4617679298,2,2024-12-08,True
509,Lauren Silva,bjones@example.net,3117753312,7,2025-12-26,True
510,Andrew Brady,mhines@example.net,2517629833,9,2024-09-17,True
511,Patrick Hamilton,christopherjohnson@example.net,3020569815,1,2025-12-12,True
512,Ronald Mason,christine82@example.org,6619128411,9,2024-12-19,True
513,Danny Shepard,peter51@example.org,1893898469,1,2025-10-16,True
514,Victoria Delgado,morganjose@example.com,2385037199,3,2025-10-03,False
515,Lisa Miller,rpotts@example.net,1078356743,8,2026-06-28,True
516,Kimberly Dalton,tranbrett@example.com,6682171955,7,2026-02-19,True
517,Brandon Smith,zburgess@example.net,301027240,2,2026-06-05,True
518,Eduardo Obrien,qsandoval@example.org,4837537458,3,2025-11-24,True
519,Joshua Garcia,rachel97@example.com,3283483152,5,2026-05-17,True
520,Brian Porter,nelsonbrianna@example.com,496706670,1,2025-11-21,True
521,Anthony Torres,sharon95@example.com,596601864,7,2024-12-15,True
522,Kelly Martin,pmcdonald@example.org,4413845960,3,2025-09-25,True
523,Matthew Ingram,martinezashley@example.com,2770707057,2,2025-02-15,True
524,Destiny Bishop,stephanie72@example.com,4723229031,4,2024-09-14,True
525,Amanda Love,lynnvictoria@example.com,5809351187,1,2026-04-24,True
526,Jacob Carson,bjones@example.com,595565749,4,2025-01-23,True
527,Susan Johnson,lindseydixon@example.net,3690261139,5,2024-09-04,True
528,Barbara Johns,lawsondonna@example.net,5439435353,4,2026-01-21,True
529,Tyler Ortiz,bellwilliam@example.com,9376392836,2,2025-12-22,True
530,Erik Miller,jwagner@example.net,3270216487,4,2025-02-09,True
531,Christopher Jones,wstrong@example.org,8341559991,6,2026-04-04,True
532,Lynn Yang,eroberts@example.net,2981209957,5,2026-06-28,True
533,Diana Mejia,kennethpeterson@example.net,4565220368,2,2024-12-10,True
534,Christopher Roberts,kgonzales@example.com,9134213882,3,2025-03-20,True
535,Rebecca Smith,woodjuan@example.net,7827411767,9,2026-07-05,True
536,Audrey Gomez,garnerjeffrey@example.org,2854781506,1,2026-07-29,True
537,Sara Garrett,sanchezbrenda@example.org,4727274231,5,2024-12-20,True
538,Logan Mckinney Jr.,christina93@example.net,7824347769,3,2025-06-16,True
539,Victor Prince,robert75@example.org,1275156277,9,2025-03-06,False
540,Daniel Rosales,xbrown@example.com,5667664047,8,2024-08-24,True
541,Kenneth Jackson,kimberlyrodriguez@example.net,2980061558,6,2025-03-16,True
542,Victoria Massey,oheath@example.com,5563830008,9,2025-01-03,True
543,Douglas Johnson,arthurbrady@example.com,2411186008,9,2026-03-04,True
544,Cheyenne Obrien,kristen68@example.net,4473149764,4,2026-01-22,True
545,Karen Velez,patrickkaiser@example.net,5817390637,2,2026-07-10,True
546,Charles Soto,davisgary@example.com,1269789307,6,2024-10-21,True
547,Amanda Barker,rsavage@example.net,8787535778,5,2026-01-26,True
548,Cameron Smith,martinsamuel@example.org,6728728660,9,2025-06-10,True
549,Shirley Nelson,christina59@example.net,2483958947,3,2026-07-31,True
550,Sarah Taylor,asmith@example.org,7104331875,4,2026-06-11,True
551,Gregory Hansen,michaelsmith@example.org,4694596488,2,2025-07-11,False
552,Diana Baker,martinezalexa@example.net,5999497320,1,2024-11-22,True
553,Briana Alvarez,morrispaula@example.org,8767548138,7,2026-06-13,True
554,Ryan Stewart,waremegan@example.org,2687741865,1,2026-01-01,True
555,Hannah Coleman,patrickwhite@example.net,3758309451,10,2026-04-20,True
556,Amanda Hill,ssanders@example.net,4090797727,6,2026-06-07,True
557,Michelle Thornton,monicaanderson@example.com,705184390,2,2025-04-30,True
558,Terry Black,qbutler@example.net,1382412704,2,2026-05-27,True
559,Sarah Everett,joshua51@example.com,9197111212,1,2025-05-29,True
560,Claudia Brooks,wileysherry@example.com,2406424295,8,2026-02-14,True
561,William Green,fbaker@example.com,5872096289,7,2025-02-18,True
562,Donna Peterson,christopher34@example.org,4018272795,9,2025-11-18,True
563,Erica Garcia,misty02@example.com,5512542782,8,2025-11-27,False
564,Jessica Ross,johnnybrooks@example.com,6403816649,9,2025-07-02,False
565,Eric Carlson,stephaniebradley@example.org,5014257627,7,2024-11-30,True
566,Bobby Young,samuelramsey@example.org,725178637,2,2026-05-10,True
567,Carl Hines,ricardomurphy@example.com,9681579039,3,2026-02-11,True
568,April Greene,pmelendez@example.org,7303461562,3,2025-04-24,True
569,Karen Green,zwhite@example.net,7151602529,3,2025-03-18,True
570,Meagan Henderson,turnerjonathan@example.net,9785758512,6,2024-08-11,True
571,Adam Vaughan,james97@example.com,7401775095,6,2026-05-01,True
572,Allison Adams,michael07@example.com,915086321,5,2025-12-09,True
573,Jessica Hill,pbarker@example.net,155029168,1,2026-01-16,True
574,Trevor Scott,copelandryan@example.org,9449883059,4,2025-06-07,True
575,Charlene Mason,jacobsrenee@example.net,4063062447,9,2025-02-19,True
576,Frederick Brown,jessica97@example.net,9586780555,4,2025-01-11,True
577,Christine Wolfe,cscott@example.net,7851385445,4,2025-07-06,True
578,Lori Cunningham,bforbes@example.com,3682691163,6,2024-11-24,True
579,Pamela Joyce,wpierce@example.org,9455158886,4,2025-03-02,False
580,Tim Moore,ricardosmith@example.com,2169666309,8,2026-02-07,True
581,Ms. Monique Dougherty MD,garrettgarrett@example.net,5096883275,8,2025-10-30,True
582,Erica Carter,clarksteven@example.org,3278195237,9,2026-06-19,True
583,Joseph Harrison,ajones@example.com,9807704605,6,2025-12-14,True
584,Charles Baker,bowenmichael@example.net,2373415177,8,2025-06-12,True
585,Richard Lyons,brooke22@example.net,359544294,4,2025-03-06,False
586,Betty Lawson,oscott@example.org,9429045886,4,2024-11-23,True
587,Laurie Mason,nicholas72@example.net,2760153433,10,2026-07-14,True
588,Marie Kelly,ohudson@example.org,3506158148,9,2026-02-22,True
589,Keith Wright,laura23@example.org,2094841312,4,2026-07-13,False
590,Philip Woods,herrerakimberly@example.com,3717173189,3,2025-01-01,True
591,Jeffrey Stein,mwaters@example.net,469472587,9,2025-03-10,False
592,Glenda Byrd,connie12@example.com,5877221641,2,2025-02-12,True
593,Brian Hall,warren58@example.com,4939252362,9,2026-03-27,False
594,Kara Larson,rchan@example.org,7452455574,4,2025-03-29,True
595,Todd Brown,zgomez@example.org,4033445056,10,2026-02-11,True
596,Daniel Shaw,daniel32@example.com,9706734996,10,2025-09-16,True
597,Jacob Mclean,ruiznicole@example.org,6229493817,8,2025-11-13,True
598,Kristin Roth,taylorkayla@example.net,5732573755,5,2025-09-06,True
599,Brenda May,ffoster@example.org,8509608587,3,2025-10-18,True
600,Krystal Mccann,schmidtlauren@example.org,9316477251,7,2025-11-09,True
601,Nancy Fry,moraleskelly@example.net,35624395,4,2025-06-30,True
602,Heather Beard,jacobhernandez@example.com,1089028515,7,2026-02-16,True
603,William Hall,kelseyjohnson@example.com,6073607763,10,2024-12-28,True
604,Christopher Gentry,martinjason@example.com,5633185748,2,2026-03-21,False
605,Jennifer Mathews,michael41@example.com,3167045023,7,2024-08-08,True
606,Michael Farmer,carlsonjason@example.net,5962622822,3,2024-11-04,True
607,Jamie Brooks,christy00@example.com,7026086982,9,2024-08-24,True
608,Jason Jones,amarshall@example.net,2904774258,4,2025-04-14,True
609,Sarah Gonzalez,zacharytrujillo@example.org,1164913342,6,2025-07-18,True
610,Laura Stephenson,markbrooks@example.org,6032020326,1,2025-12-04,True
611,Chelsea Kane,nhayes@example.com,8714855245,1,2025-07-20,True
612,Gloria Stone,caseyronald@example.org,1371184254,7,2025-11-30,True
613,Sean Wagner,gwilkins@example.org,3035892988,6,2026-07-23,True
614,Yolanda Jackson,craigmartin@example.net,2896340646,9,2025-09-01,True
615,Todd Smith,jeanette43@example.net,622723626,7,2025-07-11,True
616,Darrell Rush,patriciamartinez@example.net,3724501848,7,2025-01-31,True
617,Rodney Weaver,whernandez@example.net,4064176927,3,2025-01-19,True
618,Miss Linda Cox DVM,bcopeland@example.com,1444856451,8,2024-10-17,True
619,Kevin Wade Jr.,kcastro@example.com,919191135,2,2025-01-27,True
620,Amanda Holland,kphelps@example.net,6603920514,8,2026-03-21,True
621,Robert Cooper,joshuabowers@example.com,4238856527,5,2026-04-15,True
622,Sara Perez,craig16@example.com,2634755752,1,2025-10-27,True
623,Susan Graves,katherine82@example.com,3119642585,2,2024-10-23,False
624,Robin Clay,christina15@example.org,382407333,4,2024-10-17,True
625,Vincent Mathews,amassey@example.net,6289696454,8,2024-11-17,True
626,Erica Kelly,marccarey@example.net,8921878519,9,2026-05-22,True
627,Derrick Copeland,fmontgomery@example.net,1208780572,3,2026-03-26,True
628,David Mosley,reevestravis@example.net,6374845398,9,2026-07-01,True
629,Shari Arellano,josephmichael@example.org,9186233922,10,2026-07-20,True
630,Jamie Haynes,yballard@example.net,2521452647,7,2025-04-02,True
631,William Schultz,shannon18@example.com,9080512080,6,2025-05-23,False
632,Laura Brooks,sosajacob@example.net,2835129592,5,2025-03-14,False
633,Amanda Williams,aguirrelarry@example.com,5298217392,7,2024-11-19,True
634,Jasmine West,barnettcameron@example.org,2373605079,8,2026-06-12,True
635,Joseph Andrews,psherman@example.org,5273466661,8,2025-12-01,True
636,Lisa Torres,kelli08@example.org,1499825080,10,2024-10-18,True
637,Amy Bryan,hrodgers@example.org,317235137,9,2024-12-18,True
638,Christine Norris,adam35@example.org,3560229394,5,2024-08-14,False
639,Nancy Nelson,perryrobert@example.com,7490607231,1,2024-12-30,True
640,Clifford Murphy DVM,stephanie64@example.net,4941163187,7,2026-05-24,True
641,Brian Perez,wlopez@example.net,3695727908,7,2026-07-31,True
642,Christian Villarreal,sandra57@example.org,6624813235,8,2024-09-03,True
643,Joseph Hawkins,amystewart@example.org,6880925502,10,2024-09-22,True
644,Robin Mack,vincentkathleen@example.org,796496737,8,2025-05-08,True
645,Karen Roach,xherrera@example.org,4264250642,7,2026-07-20,True
646,Crystal Morales,jared66@example.com,7767555628,6,2026-01-04,True
647,Tiffany Daniel,rachel86@example.com,3627187496,5,2026-01-05,True
648,Mary Giles,cwhite@example.org,6924926932,9,2025-04-06,True
649,Pamela Tucker,lowekristin@example.org,51553234,1,2025-01-29,True
650,Sandra Alvarez,keithgarcia@example.net,2261896288,10,2026-05-29,True
651,Bridget Wallace,taylorparker@example.com,2095799270,9,2026-07-17,True
652,Stacey Jones MD,erica21@example.net,5415970996,4,2026-05-12,True
653,Joseph Moon,kflores@example.org,4476504715,6,2024-12-21,True
654,Alexandra Berry,oscar76@example.com,4655866525,6,2026-05-02,True
655,Thomas Sellers,trujillorobin@example.net,213125129,9,2025-07-26,True
656,Robert Berg,mooreconnie@example.com,1910231211,1,2024-08-10,True
657,Jasmine Garrett,thomasgonzalez@example.com,7490728012,5,2025-01-03,True
658,Chelsey Martinez,lopezmelinda@example.org,6949684364,5,2026-05-06,True
659,Melinda Campbell,calvinbrown@example.com,9617015959,10,2024-08-08,False
660,Hunter Shepherd,victor75@example.net,3920567756,5,2026-01-16,True
661,Janice Herring,kristinajames@example.net,6506229231,2,2024-11-22,True
662,Alex Myers,maria84@example.org,7976627051,10,2024-11-20,True
663,Joseph Snyder,robertsmith@example.com,5496919284,4,2025-10-21,True
664,Amy West,usanchez@example.net,5748595325,7,2025-04-30,True
665,Danielle Elliott,edwardsnicole@example.com,9518779417,10,2025-10-22,True
666,Richard Wells,cynthiamurphy@example.net,8245759833,4,2026-01-05,True
667,Stephen Mills,john66@example.net,4432400615,8,2025-03-07,True
668,Linda Blake,gilesstephen@example.org,4292501058,4,2025-11-03,True
669,Krista Fuller,randall59@example.org,5990802711,7,2025-03-21,True
670,Cynthia Fischer,matthew65@example.org,6808662813,5,2025-08-20,True
671,Crystal Brown,williamsmegan@example.org,33228556,5,2026-02-11,True
672,Michael Terry MD,gonzalezbarry@example.org,519582632,3,2026-02-13,True
673,Kayla Moore,karenscott@example.org,4614707986,4,2025-02-24,True
674,Natalie Sawyer,kathleenfitzgerald@example.com,9457039438,6,2024-09-02,True
675,Geoffrey Porter,dcortez@example.com,7789431910,1,2025-01-08,True
676,Tara Turner,kdaniel@example.org,5336514604,1,2026-04-21,True
677,Timothy Lucero,davidfields@example.net,7201137984,7,2024-11-14,False
678,Brittany Brown,fjohnson@example.com,6209014473,2,2025-07-19,True
679,Michael Patrick,russomary@example.com,3045195778,3,2026-07-08,True
680,Erica Fowler,zthompson@example.com,5427865619,7,2026-01-15,True
681,Joanne Ryan,pamelacooper@example.net,9582923616,10,2026-06-09,True
682,Aaron Michael,jodisutton@example.com,1558686395,2,2024-09-02,True
683,Ruben Woodard,jenniferbarry@example.net,7214364381,5,2025-11-14,True
684,Cody Parsons,jonesshaun@example.org,5609456534,4,2024-08-25,True
685,Leslie Shelton,portermichael@example.com,6816995706,3,2026-06-06,True
686,Angela Ramsey,gibsonkaitlyn@example.org,548739610,7,2025-07-16,True
687,Jonathan Ford,isolis@example.net,4918727420,7,2026-06-17,True
688,Tracy Jones,atucker@example.com,6042359737,8,2025-06-10,True
689,Theresa Hart,ycrawford@example.net,858167046,4,2024-11-12,True
690,Travis Howard,phunter@example.org,219237858,6,2024-09-19,True
691,Lauren Wilson,halldylan@example.org,508018498,4,2026-07-13,True
692,John Lewis,nmendoza@example.org,6881228217,8,2025-03-24,True
693,Jennifer Garrett,mariarussell@example.com,5603567932,9,2024-12-01,True
694,Nicole Moore,tyler16@example.net,6181205464,1,2026-05-14,True
695,Tamara Wyatt,ydixon@example.net,7517588914,1,2026-04-06,True
696,Timothy Nguyen,ashleebailey@example.com,5864496392,6,2025-10-11,True
697,Christine Ford,davidsharp@example.com,3952753674,2,2026-01-05,True
698,Benjamin Martinez,zli@example.org,3477894896,3,2025-04-09,True
699,Katherine Rodriguez,hhughes@example.org,1500141884,4,2026-07-21,True
700,Lacey Smith,tiffany44@example.com,3399948532,6,2024-12-30,True
701,Robert Bryan,ambersmith@example.org,9947113633,2,2025-03-22,False
702,Diana Smith,ryan96@example.com,3116772696,2,2026-05-16,True
703,Jessica Golden,marc78@example.net,7935219626,3,2024-12-30,False
704,Miguel Roach,eburke@example.org,1706955607,9,2025-04-18,True
705,Darryl Richardson,timothy23@example.net,650312198,10,2024-10-07,True
706,Chase Thomas,lramirez@example.org,4281319092,7,2025-08-21,True
707,Cynthia Morton,carriejones@example.org,2817852282,8,2026-06-22,True
708,Kayla Smith,longgary@example.com,2395947372,2,2026-04-20,True
709,Andrea Bennett,mitchellallison@example.com,8868785996,2,2025-11-13,True
710,Beth Johnson,greenemichael@example.com,9666450573,9,2024-12-03,True
711,Joanna Garza,deborahturner@example.org,374767753,2,2026-02-20,True
712,Charles Bowman,phillipsbrian@example.com,6194588707,4,2026-07-05,True
713,Carol Gay,juliehoffman@example.org,8385076597,7,2024-12-22,True
714,Jose Martinez,bblake@example.net,8981265742,1,2025-02-27,True
715,Daniel Williams,mckayjames@example.net,6268943012,1,2025-10-27,True
716,Thomas Martin,qwilson@example.com,9574988558,9,2026-03-01,True
717,Paula Sanchez,hamiltonjoseph@example.net,7609441283,2,2025-12-14,True
718,Melissa Wagner,anewton@example.net,4132971506,7,2026-05-26,True
719,Felicia Wood,joe76@example.net,6634392529,1,2025-06-01,True
720,Bradley Mclaughlin,ambervasquez@example.org,72024559,6,2026-04-18,True
721,Andrew Aguilar,mendezlori@example.org,6714949819,5,2026-05-17,True
722,Brooke Parsons,crawfordjeffrey@example.com,6527758446,3,2025-07-06,True
723,Joel Warner,millerbriana@example.org,1722145593,7,2025-12-03,True
724,Terri Arnold,sharon37@example.net,5263510046,7,2024-10-31,True
725,Michael Morris,lisamcgee@example.net,5920246175,9,2025-11-27,True
726,Tina Solomon,roberttownsend@example.net,5955017833,6,2025-01-25,True
727,Joseph Garza,ryandodson@example.org,9848704506,8,2025-02-18,True
728,John Wilkerson,sandradavenport@example.org,4403946408,4,2026-04-01,True
729,James Jordan,langjoshua@example.net,849079388,2,2026-06-29,True
730,Nicholas Thompson,alexisjordan@example.com,7012424462,10,2026-06-10,True
731,Donna Cuevas,joneseric@example.org,3142175188,6,2025-04-24,True
732,Rachel Kelly,gomezpaul@example.org,911225288,1,2025-07-20,True
733,Rebecca Reynolds,mlewis@example.net,9137876553,3,2024-08-24,True
734,Alicia Beck,deborah60@example.com,1219881927,5,2024-12-18,True
735,Mario Johnson,john86@example.com,1042462456,9,2026-01-15,True
736,Elijah Johnson,mark12@example.net,5114551293,6,2024-09-26,True
737,Philip Fischer,cainana@example.net,8416046154,6,2024-09-07,True
738,April Vance,harrisonmichael@example.net,4298315229,5,2024-10-10,False
739,Caroline Bernard,veronicasmith@example.net,9378306396,2,2025-01-09,True
740,Kevin Bartlett,joseph91@example.net,4970169342,4,2025-04-11,False
741,Brandi Williams,juliesimon@example.net,2341903106,7,2024-10-29,True
742,Matthew Martinez,mark66@example.net,7323653377,10,2025-06-25,True
743,Christopher Harrington,goodmanalice@example.org,1424426078,1,2025-02-03,True
744,Joann Barker,mary64@example.org,3720376388,9,2025-04-14,True
745,Melissa Nelson,julie01@example.net,3443899827,3,2026-01-12,True
746,Michael Spencer,aaron32@example.org,6449369995,7,2026-07-04,True
747,Erika Hodge,thomas38@example.com,3680119236,10,2025-11-02,True
748,Angel Becker DVM,ohiggins@example.net,3510409614,8,2025-05-31,True
749,Lisa Davis,kylie83@example.org,4820736511,1,2024-10-10,True
750,Jeffery Bailey,karen82@example.org,9043223023,6,2026-06-10,True
751,Jerry Montgomery,wilsonrhonda@example.org,4621276025,3,2025-03-06,False
752,Ashley Duran,charlesperry@example.com,2488899572,3,2025-12-16,True
753,Christopher Copeland,qramirez@example.net,364687191,9,2025-01-07,True
754,Shannon Castro,lblankenship@example.net,828323089,7,2026-01-23,True
755,Joseph Davis,martin22@example.org,7323182971,6,2025-09-01,True
756,Christopher Hill,anthony00@example.net,152911371,9,2026-01-24,True
757,Tracy Johnson,vanessaedwards@example.net,8444218299,6,2024-09-13,True
758,Angela Thompson,walter05@example.com,867009004,9,2025-07-28,True
759,Nathaniel Hill,richardhart@example.org,2483550542,6,2025-11-11,True
760,John Russell,robertchase@example.net,9509822104,8,2025-09-10,True
761,Stefanie Herman,greenjessica@example.net,8773836381,5,2025-02-03,True
762,Michael Montgomery,jessica89@example.net,6420362586,5,2024-11-24,False
763,Joel Williams,michaelchristensen@example.com,2635582430,6,2026-07-06,True
764,Sharon Palmer,ingramjessica@example.com,8882452790,8,2025-03-15,True
765,Samuel Allen,jasonhubbard@example.com,8495163211,10,2025-12-18,True
766,Rachel Stephens,johndavis@example.net,7326530601,10,2025-08-22,True
767,Wendy Davis,umaxwell@example.net,230091561,2,2025-08-01,True
768,Michael Cook,sbaker@example.net,6093659520,10,2025-08-20,False
769,Joseph Ingram,daniel43@example.org,8750926322,7,2024-09-23,False
770,Jerry Rogers,qjones@example.org,2886050537,4,2025-08-07,True
771,Kelly Davis,ronaldbradford@example.org,835669106,8,2026-07-10,True
772,Ariel Thompson,jonathanpeterson@example.org,8826917768,6,2025-03-25,False
773,Donna Mccarty,allenpeggy@example.org,3543788260,7,2026-07-23,True
774,Brian Wood,obrienbrandon@example.com,4492074926,6,2025-10-26,True
775,Marcus Morton,maria99@example.net,1842859693,2,2026-06-23,True
776,Jonathan Collins,stephaniezamora@example.org,3426698069,6,2024-10-17,True
777,Joyce Butler,maygordon@example.org,8389359538,10,2024-11-24,True
778,Dr. Stephanie Choi,jarvisrachel@example.net,5082695826,8,2026-04-06,True
779,Jason Jones,alexisolson@example.com,2385951434,4,2025-05-09,True
780,Emily Hicks,bondmarissa@example.org,3008696610,3,2025-01-25,True
781,Corey Salazar,williamscarl@example.net,9414915076,2,2024-12-28,False
782,Maria Sims,blairjeffrey@example.com,777946207,5,2026-05-02,True
783,Haley Peters,reesetravis@example.net,6029914068,10,2025-12-06,True
784,Jesse Davis,stephanieedwards@example.net,3561781703,6,2026-07-13,True
785,Brian Christensen,mandypetty@example.com,7789561337,8,2025-10-17,False
786,Molly Jackson,brandon64@example.net,1644037341,4,2025-03-15,True
787,Joel Gibbs,rosejones@example.org,7982134862,5,2024-10-21,True
788,Nicholas Obrien II,odelacruz@example.net,1828560539,6,2026-01-21,True
789,Michelle Patterson,chavezisabel@example.com,3682050682,3,2026-02-28,True
790,Michael Miller,qshelton@example.com,5871469218,8,2025-01-13,True
791,Tracy Fischer,grantamanda@example.net,3699848022,9,2024-11-12,True
792,Crystal Wilkinson,mproctor@example.net,8424959881,8,2026-06-29,True
793,Judith Patrick,dominguezscott@example.com,3867673820,5,2025-06-29,True
794,Lucas Ball,isimpson@example.com,8299687225,9,2025-05-08,True
795,Rachel Patel,rossjacob@example.net,5040566957,6,2025-07-30,True
796,Steven Thompson,melissa44@example.org,7963259423,2,2025-12-07,True
797,Sandra Walker,amyvalenzuela@example.net,5624152857,2,2026-04-13,True
798,Jennifer Lawrence,matthewfranklin@example.net,1381865507,4,2024-12-03,True
799,Alexis Flores,smejia@example.com,349189117,9,2026-06-28,True
800,Michele Perkins,laura15@example.org,4154715531,8,2024-09-06,True
801,Jason Luna,allenronald@example.com,942141052,1,2025-10-29,True
802,Miss Kelly Hoffman DDS,katherinesmith@example.com,3888562258,4,2025-08-24,True
803,Lauren Perry,rryan@example.com,2758548596,1,2026-07-02,True
804,Elizabeth Mendez,poncelisa@example.com,200024539,3,2025-03-01,True
805,Sonya Wilcox,miranda13@example.org,5708368214,7,2024-11-06,True
806,Kevin Carney,sthomas@example.org,7746202582,1,2025-08-21,False
807,Daniel Cervantes,mclaughlinjames@example.org,3920491060,3,2026-06-28,True
808,Damon Tran MD,katiepowell@example.net,7225775458,10,2025-06-02,True
809,Terri Nguyen,dixonkimberly@example.net,6831608271,5,2025-05-06,True
810,Jeremy Love,sararios@example.org,5222999362,2,2025-07-03,True
811,Margaret Young,joeljackson@example.net,3983584461,9,2025-11-26,True
812,Donna Mcmahon,jose49@example.com,2799702927,7,2025-01-09,True
813,Linda Wolf,nhiggins@example.com,2988322012,5,2025-04-02,True
814,Stephen Baker,robrien@example.com,5358523860,5,2025-09-07,True
815,Thomas Brewer,daniel15@example.org,9102929501,4,2025-02-22,True
816,Kayla Brown,rhondaray@example.com,3971912602,2,2025-02-21,True
817,Tammy Choi,qowens@example.org,1911166122,4,2024-11-26,True
818,Nathan Stanley,mrandolph@example.net,493665380,2,2026-01-12,True
819,Phillip Campbell,davisandrew@example.net,8250952294,4,2026-02-21,True
820,Mercedes Richardson,jennifer10@example.org,2970137124,4,2026-04-09,True
821,Jasmine Farmer,jasonjohnson@example.org,270615927,1,2025-09-08,True
822,Manuel Ramos,reynoldsmichelle@example.org,3224815542,5,2025-02-22,True
823,Alan Cox,kfrye@example.net,5649157955,6,2024-08-26,True
824,Ryan Taylor,steven01@example.org,1810306831,6,2026-06-25,True
825,Christopher Black,blacklisa@example.net,7129015071,3,2026-02-12,True
826,Anthony Marquez,christopher04@example.com,7436213009,4,2025-05-28,True
827,Heather Simmons,fcarlson@example.org,1805339627,8,2025-08-26,True
828,Harry Brown,mariahlyons@example.com,46661459,3,2025-06-18,True
829,Mary Martinez,benjamin49@example.org,9490531520,10,2024-09-08,True
830,Elizabeth Greer,znoble@example.net,3137971669,8,2025-08-04,True
831,Brett Robinson,stephanie77@example.net,3325623899,3,2025-05-30,True
832,Jill Smith DDS,frederick62@example.org,7087821160,1,2026-05-31,True
833,Taylor Acevedo,younggabrielle@example.net,2117088948,3,2024-10-11,True
834,Elizabeth Taylor,hayesnicole@example.com,9785708200,3,2026-06-12,True
835,Melvin Poole,meganjames@example.org,9611287942,7,2025-06-05,True
836,Nicholas Myers,dbeck@example.com,9531419615,10,2026-05-25,True
837,Cassandra Mitchell,mathewbennett@example.org,9624096496,8,2026-05-22,True
838,Jessica Baker,edward70@example.org,1622593648,10,2026-01-11,True
839,Rachel Walker,gpatel@example.org,6246728799,4,2025-08-05,True
840,Elijah Lewis,williskatherine@example.net,5923613376,6,2025-11-01,False
841,David Hawkins,moraleskimberly@example.net,2544724191,1,2026-07-21,True
842,Denise French,emorales@example.com,1824989808,7,2026-05-03,True
843,Anne Miller,robert13@example.com,6648698939,1,2025-07-06,True
844,Jane Edwards,murphybrianna@example.com,1192920753,10,2025-06-20,True
845,Jay Chandler,marissamedina@example.net,3653621894,6,2024-10-24,False
846,Mr. Kristopher Curtis,lindsay48@example.net,2046648966,2,2024-09-12,True
847,Christopher Wilkins,leroy57@example.com,8097453389,7,2025-03-29,True
848,Deanna Sullivan,ologan@example.org,5401659953,1,2025-01-27,True
849,Christopher Phillips,epatterson@example.net,4625916011,10,2024-11-28,True
850,Sarah Ochoa,amanda86@example.org,8017986778,10,2024-10-09,True
851,Teresa Wallace,galvanjoshua@example.org,4261212038,6,2024-12-07,True
852,Michael Blair,murraymichael@example.net,5482421838,3,2025-04-10,True
853,Debra Johnson,pscott@example.com,7523112327,8,2026-03-08,False
854,Katherine Bentley,hayesrachel@example.com,3427203886,2,2026-02-13,True
855,Joshua Solis,lawsonpaul@example.org,4530693588,10,2025-04-18,False
856,David Torres,hodgemichelle@example.net,8167784816,4,2026-05-18,True
857,Tina Green,ibrown@example.org,1799378105,3,2025-02-04,False
858,Jonathan Guerrero,klara@example.net,9882904579,10,2024-11-18,True
859,Chad Bennett,patrickmichelle@example.net,4242383972,10,2025-02-19,True
860,William Galloway,kjohnson@example.net,2880983221,6,2025-09-22,True
861,Aaron Brown,ymurray@example.org,898761081,8,2024-12-16,True
862,Antonio Ramsey,sarah31@example.net,7468235469,10,2025-05-10,True
863,Wendy Bryant,amoon@example.com,5967150066,6,2024-08-05,False
864,Matthew Hendricks,mikayla13@example.com,7851699497,10,2024-10-09,True
865,Paige Jordan,kellytaylor@example.net,2697083868,5,2024-08-13,True
866,Melanie Davidson,diaznathan@example.net,2571976093,7,2024-10-28,True
867,Pamela Howard,omarturner@example.org,9521755851,10,2024-11-08,True
868,Paul Freeman,yguzman@example.org,8824199626,1,2025-03-03,True
869,Felicia Matthews,tbrown@example.com,4218545705,7,2024-11-14,True
870,Beth Kane,trivas@example.net,163564072,1,2024-08-05,False
871,Christopher Martin,paige40@example.org,7882247312,5,2026-04-14,True
872,Tara Barton,olsonbrian@example.com,1195092711,5,2026-06-22,True
873,Natasha Perez,kbrown@example.org,71695007,2,2024-10-01,True
874,Michael Lyons,lisathomas@example.net,6989365294,4,2025-09-26,True
875,Tina Mcguire,tiffanyharris@example.com,3104502589,10,2025-06-01,True
876,Cindy Keith,samuel83@example.com,6806486067,5,2024-09-22,True
877,Danielle Evans,amyponce@example.com,6462805507,3,2025-01-10,True
878,George Miller,kmoore@example.org,9085510740,1,2025-05-17,True
879,Brett Maxwell,rdavis@example.org,5476022069,8,2024-10-14,False
880,Melissa Miller,whitneyorozco@example.net,2759500260,3,2026-03-23,True
881,Tara Knox,tammy94@example.com,740717327,6,2025-04-06,True
882,Leslie Diaz,mcintyreelizabeth@example.org,649340391,9,2026-06-14,True
883,Daniel Williams,caleb84@example.net,3599285535,8,2024-11-03,True
884,Andrew Russell,khudson@example.org,6968018677,6,2024-09-05,False
885,Melissa Martinez,eileenhudson@example.com,9530067762,2,2026-08-01,True
886,Sandra Jones,triciaedwards@example.org,2417842902,8,2025-01-09,True
887,Scott Jones,duncandawn@example.com,5308868430,8,2026-03-02,True
888,Robert Jensen,campbellerika@example.com,9887592129,6,2025-05-10,True
889,Troy Allen,lauradyer@example.org,5582147709,10,2024-12-03,True
890,Sarah Perez,whiteryan@example.org,9215818970,9,2024-10-25,True
891,Kathy Lewis,martin81@example.net,9772168800,7,2025-06-16,True
892,Lindsey Robinson,jfranklin@example.net,2845401822,9,2025-08-29,True
893,Lisa Herrera,derekdougherty@example.org,1447432811,3,2024-09-11,True
894,Adam Martinez,andersoncynthia@example.org,2322775213,9,2025-10-17,True
895,Kathy Butler,russellrandy@example.org,5937775691,9,2026-05-21,True
896,Alexander Martin,perrynicole@example.net,7469029831,10,2024-11-07,True
897,Samantha Jones,jmyers@example.net,3167080568,3,2026-04-10,True
898,Stephanie Reyes,fspears@example.net,5504944407,3,2025-07-05,True
899,Chelsea Walker,tcooper@example.net,2732262611,5,2025-12-16,True
900,Chad Poole,shelley85@example.com,1880879919,7,2025-01-08,True
901,Michelle Barrett,mbaker@example.net,3247250583,4,2026-01-14,True
902,Amanda Norris,millermary@example.net,6054576947,5,2026-06-27,True
903,Rebecca Adams,stacey53@example.com,9746698616,5,2025-10-05,True
904,Jacob Nichols,armstrongsara@example.net,8152692559,7,2024-09-29,True
905,Scott Allen,rberg@example.org,5914261404,10,2026-04-12,True
906,Teresa Velasquez,kimberly43@example.net,7963731008,6,2025-01-31,True
907,Brenda Martinez,jessica71@example.net,5235426874,6,2026-03-26,True
908,Vincent Kane,holtrobert@example.com,3777296656,9,2024-10-24,True
909,Antonio Wilcox,lisa78@example.org,5580002722,9,2024-08-05,True
910,Theresa Wilson,munozjeremy@example.net,3681720313,9,2025-03-24,False
911,Reginald Thompson,burkejacob@example.net,3525953322,2,2025-04-16,True
912,Joseph Franklin,mitchellmelissa@example.net,5323661850,8,2025-12-27,True
913,Judy Dixon,ylawson@example.org,3601071261,8,2026-05-28,True
914,Kristina Hayden,stuarttrevor@example.net,4846735742,7,2026-05-17,True
915,Mrs. Candice Joseph,walterskaren@example.com,2589222560,7,2026-07-21,True
916,Jacob Williams,oallen@example.net,3118046741,1,2026-07-29,True
917,Justin Torres,delgadomario@example.org,3626084639,7,2025-12-05,True
918,Rachel Williams,john12@example.net,5164119556,2,2024-09-18,True
919,Nathan Vargas,brittanyhayes@example.com,2070204262,4,2026-06-16,True
920,Chad Stanley Jr.,everettashley@example.net,9678976098,4,2026-04-28,True
921,John Miller DDS,davidpearson@example.net,7598897865,10,2024-12-01,True
922,Ellen Wilson,sotopatrick@example.com,895231202,1,2026-05-22,True
923,Gregory Aguirre,victoria97@example.com,2687644,4,2025-04-17,True
924,Leslie Mclean,barnesjames@example.com,450063553,7,2025-05-23,True
925,Dominic Simmons,sydneyalexander@example.org,2963530597,1,2025-10-07,True
926,Christopher Gutierrez,ronaldyoung@example.org,9489895965,10,2025-04-15,True
927,Nicole Baxter,julie44@example.org,9169993934,2,2025-01-31,True
928,Debra Ortiz,foxerica@example.net,2309586297,8,2025-02-27,True
929,Lauren Peck,wrightdale@example.org,2021707548,7,2025-11-15,True
930,Jacqueline Kennedy,michelemartinez@example.org,449646129,9,2025-11-06,True
931,Omar Kelly,kimberlyharris@example.com,6589635957,3,2026-03-27,False
932,Kenneth Robinson,greenmichael@example.com,4566311388,3,2026-07-13,True
933,Ronald Moore,arthurwright@example.com,4246310437,5,2025-03-07,False
934,Mary Harrington,johnsonlacey@example.net,2946902177,3,2026-01-27,True
935,Elizabeth Skinner MD,amandamoody@example.com,2289466527,5,2025-02-11,True
936,Brittany Mcguire,taylordennis@example.com,3303033467,2,2024-12-27,True
937,Jesus Cantu,kimronald@example.com,5302453012,2,2025-12-06,True
938,Carolyn Johnson,jennifer20@example.org,7190172224,7,2026-02-16,False
939,Jennifer Guerra,gblair@example.com,5461992406,5,2025-06-20,True
940,Brittany Byrd,matthewbrennan@example.org,2590956684,7,2025-08-30,True
941,Mr. Jerry Hammond,bauercory@example.org,187803586,10,2026-06-26,True
942,Roger Carter,yatessarah@example.net,5199945295,10,2025-07-01,True
943,Johnathan Hughes,john87@example.org,542216265,9,2024-12-07,True
944,Cory Fitzgerald,jamesroberts@example.com,488789950,3,2026-04-16,True
945,James Vega,charles53@example.net,7492663295,4,2026-03-14,True
946,Kara Norton,rhondabradley@example.org,1658129205,2,2024-12-16,True
947,Frank Hancock,jrobinson@example.net,5963637262,9,2025-10-10,False
948,George Green,lucasandrea@example.org,3138004983,5,2024-09-03,True
949,Travis Thompson,watsonkenneth@example.net,5826868764,5,2024-12-10,True
950,Justin Brown,vanessa20@example.org,2987787358,1,2024-10-22,True
951,Nicole Hampton,larsonjennifer@example.org,2192622132,7,2025-02-24,True
952,David Robinson,campbelltodd@example.net,1797269999,3,2024-09-05,False
953,Michael Rodriguez,brownnancy@example.com,200053285,2,2024-10-12,True
954,Frank Williams,josephmercado@example.org,5826929900,5,2024-12-18,True
955,Jim Graham,michaelathompson@example.net,8963376185,8,2025-12-25,True
956,David Arnold,smithcharles@example.org,3392188352,1,2024-12-10,True
957,Todd Doyle,sullivanpaula@example.com,1065920881,5,2025-08-24,True
958,Jeremy Ortiz,shull@example.org,9698384572,2,2025-10-31,True
959,Samantha Ferguson,cherylgomez@example.org,5734989925,1,2025-05-05,True
960,Mark Gallagher,olivia99@example.org,4729669417,9,2025-02-18,True
961,Kristen Larson,gina74@example.net,9946418398,6,2025-07-23,True
962,Jimmy Acevedo,jamie98@example.net,6498044509,1,2025-07-06,True
963,Christopher Houston,martindonald@example.com,6648900824,4,2026-05-05,True
964,April Wiley,nancyballard@example.com,4883997418,9,2025-08-18,True
965,Jillian Wood,williamsjason@example.net,6619953056,4,2024-08-13,True
966,Samantha Irwin,ryan90@example.net,187260013,2,2025-02-09,True
967,Edward Herring,david90@example.com,4568652406,4,2024-09-06,True
968,Kyle Brennan,lesliecoleman@example.org,2190533470,8,2025-03-27,True
969,Joshua Cohen,nathan39@example.com,2138350712,10,2025-07-20,True
970,Ronald Lam,smithjohn@example.org,1173277264,2,2025-01-09,True
971,Michelle Morris,george94@example.org,2516185759,1,2025-10-28,True
972,Kendra Walsh,kyle14@example.com,4473535247,4,2024-09-12,True
973,Barbara Carpenter,sgonzalez@example.net,537880331,3,2026-04-04,True
974,Melissa Allen,ronaldjohnson@example.com,8152787304,8,2024-10-02,True
975,Christopher Wallace,ricky35@example.net,7801891567,6,2025-03-21,True
976,Nicholas Ramos MD,brittanysanders@example.org,3362999466,4,2026-04-30,True
977,Rachel Norris,williamscaitlin@example.com,3908352118,4,2025-10-22,True
978,Matthew Price,christine97@example.net,7285759582,9,2025-03-03,True
979,Jeremy Silva,wilkinskevin@example.net,9717059844,10,2024-09-09,True
980,Jon Russo,ghendrix@example.org,3038856811,9,2026-03-07,True
981,Joshua Hill DVM,clayandrew@example.net,1779055286,8,2026-07-24,False
982,Ann Calderon,julie80@example.net,532601193,1,2025-01-11,True
983,Beth Berry,pparker@example.com,1360908581,10,2025-01-31,True
984,Chad Lewis,eclark@example.com,3662713589,9,2025-02-26,True
985,Luke Bush,amy61@example.com,7315663979,1,2025-01-02,True
986,James Sanchez,kellermary@example.org,7270289666,6,2026-03-03,True
987,Jamie Scott,montoyafelicia@example.org,1975358464,3,2025-03-06,False
988,Kimberly Taylor,alanthomas@example.com,6281444718,4,2024-08-30,True
989,Alex Jenkins,barnesrichard@example.net,9228849874,8,2025-03-22,False
990,Ronald Murphy,ftaylor@example.org,4306881164,9,2026-04-20,True
991,Olivia Santana,eharris@example.com,8333647704,5,2026-06-26,True
992,Ashley Lynn,williamwalsh@example.com,2826254204,3,2025-10-19,True
993,Misty Kelly,randerson@example.com,79419324,10,2026-05-18,True
994,John Jensen,blevinssandra@example.org,8709872649,7,2025-11-16,True
995,Jon Evans,jacobsmith@example.net,2611890034,4,2024-12-10,True
996,Anthony Smith,pwest@example.org,2009536621,3,2024-10-14,True
997,Amanda Morgan,bjacobs@example.org,7325900739,5,2025-05-29,True
998,Jerry Martin,harrislisa@example.net,8716722104,5,2026-02-04,True
999,Mrs. Carol Morton DVM,dflowers@example.com,3602344225,3,2026-03-05,True
1000,Daniel Matthews,thomasjessica@example.net,9447726903,7,2024-08-14,True
1001,Carlos Ortiz,tmorrison@example.net,2455985160,3,2025-03-21,True
1002,Troy Herrera,jacksonrussell@example.com,9864786862,5,2025-09-27,True
1003,Kathryn Adams,ggreen@example.net,7819190749,5,2026-08-03,True
1004,Jamie Mclaughlin,philliphayden@example.net,3534848647,8,2025-06-18,True
1005,Kelsey Flores,tlopez@example.org,1237205503,4,2024-10-27,True
1006,Jamie Mcguire,lchavez@example.org,889911416,10,2024-08-18,True
1007,Janice Mullins,loritaylor@example.com,7989790608,7,2026-07-02,True
1008,Terri Delacruz,qcastillo@example.com,9984336,9,2026-07-26,True
1009,Brendan Khan,christopher98@example.net,4582942034,3,2026-06-30,True
1010,Diamond Jenkins,kmorris@example.net,4946672010,10,2024-12-29,True
1011,Rhonda Mccarthy,barkeredwin@example.org,8794026208,7,2026-05-09,True
1012,Summer Mcdonald,dana36@example.com,3570041291,7,2025-08-01,True
1013,Brian Barnes,fullerkristie@example.com,9046100792,6,2025-12-28,True
1014,Bradley Hoffman,stephenjohnson@example.net,3296151204,9,2025-06-10,True
1015,Paul Walker,larry04@example.net,2763460191,6,2025-08-01,True
1016,Rebecca Bird,travis24@example.org,8617682251,7,2025-04-27,False
1017,Ms. Sarah Padilla,sdonovan@example.com,2419768784,1,2025-05-18,True
1018,Christopher Brown,michaeljohnson@example.org,8974223543,2,2025-07-10,True
1019,Nicole Kelley,hernandezmatthew@example.net,4952549206,3,2026-01-15,True
1020,Michael Snyder,amymiller@example.org,3063435948,3,2026-02-14,True
1021,Robert Herrera,xsullivan@example.org,1102125434,5,2025-08-24,False
1022,James Collins,psmith@example.com,1860032031,5,2026-04-25,True
1023,Susan Williams,aguirreantonio@example.org,4713171978,6,2026-03-31,True
1024,Stacey Moore,gabriela90@example.net,1947855011,10,2026-05-11,True
1025,Michelle Johnson,angelalowe@example.com,7279037161,2,2025-01-13,True
1026,Luis Daugherty,davidharris@example.net,4771837530,3,2025-12-20,True
1027,Adriana Yates,nunezjennifer@example.com,7800244323,2,2026-04-26,True
1028,Kevin Clarke,wmorrison@example.com,7467067516,1,2026-07-13,True
1029,Dr. Melissa Ayers,christopherbrown@example.org,4261070335,7,2025-09-29,True
1030,Samuel Warner,harveymichelle@example.net,4848130041,9,2026-05-17,True
1031,Darryl Hernandez,rhonda67@example.net,8646339534,4,2026-03-21,True
1032,Bryan Juarez,xfisher@example.org,8961573855,3,2024-08-05,True
1033,Susan Rivera,andersonbrittany@example.net,8155426097,10,2026-02-17,True
1034,Edward Chang,kelsey67@example.com,517107308,4,2024-08-16,True
1035,Matthew Schmidt,timothysharp@example.org,7543802741,3,2025-05-10,True
1036,Janet Martin,martintownsend@example.com,2728840766,4,2025-12-31,True
1037,Melinda Thomas,heathjasmine@example.com,8676259238,8,2025-06-24,True
1038,Michael Johnson,zachary86@example.net,2055340508,7,2025-10-20,True
1039,Bradley Conway,qpatterson@example.org,3567078977,5,2024-12-27,True
1040,Laurie Huffman,marierose@example.org,7362732022,10,2024-11-27,True
1041,John Watson,hsimmons@example.com,6204298514,1,2024-10-19,True
1042,James Case,amoses@example.org,2026980142,9,2025-09-28,True
1043,Joshua Oneill,wmarshall@example.org,1637050049,8,2026-03-31,True
1044,David Ramirez,melissaroy@example.com,9476380839,9,2025-06-01,True
1045,Gregory Chandler,daniel93@example.net,2727281291,10,2025-02-09,True
1046,Raymond Montoya,martinezrussell@example.com,6527284539,5,2025-11-22,True
1047,Allison Sharp,aturner@example.com,5602080192,2,2026-02-01,True
1048,Jacob Bryan,nicole39@example.org,4890932253,5,2024-12-17,True
1049,Hunter Williams,rebecca55@example.org,9354503698,1,2024-08-07,True
1050,Cory Parsons,nancyphillips@example.org,2962080598,3,2025-12-24,True
1051,Nicole Davis,wallacemathew@example.net,5999201237,6,2026-04-02,True
1052,Jacob Moore,cruzcaitlin@example.com,9375919226,8,2025-07-20,True
1053,Nathan Anderson,rwyatt@example.com,2864612096,2,2024-10-15,True
1054,Brooke Harmon,leslie24@example.org,2115355051,3,2024-08-22,True
1055,Elizabeth Wade,holmesscott@example.net,2479254221,5,2024-10-15,True
1056,Robert Morris,garzajill@example.org,8770676933,10,2026-01-02,True
1057,Heather Howard,martintanner@example.net,6408585883,7,2025-10-07,True
1058,Karen Sullivan,andrewromero@example.com,2925435519,8,2025-12-27,True
1059,Gregory Fischer,michaelflynn@example.net,2472863942,8,2024-11-27,True
1060,Donald Roberts,brookefrench@example.net,6270266045,4,2026-03-05,True
1061,John Mitchell,smithjesse@example.org,1933538922,8,2025-06-13,True
1062,Courtney Phelps,barnesandrew@example.net,7705646160,4,2024-10-10,True
1063,Joseph Ayers,smithmark@example.com,3461762313,1,2025-05-15,True
1064,Lisa Campbell,hannakevin@example.org,6544137277,4,2024-08-12,True
1065,Thomas Johnson,kristymunoz@example.org,4617551887,8,2025-07-17,True
1066,Carrie Terry,khanjustin@example.org,4441723456,4,2025-10-30,False
1067,Joan Hodges,martinmorgan@example.net,3626890472,6,2026-03-28,True
1068,Matthew Krause,larsonjeremy@example.com,7421643599,1,2026-01-21,True
1069,Billy Powers,torresmeghan@example.net,1437884437,7,2026-02-24,True
1070,Sarah Mccarty,natalie46@example.com,6368154185,1,2024-10-02,True
1071,Jesse Middleton,barbararodriguez@example.net,5078604356,9,2024-08-27,True
1072,David Adams,pvargas@example.org,6773067182,7,2026-05-22,True
1073,Susan Day,mendezkellie@example.com,5385906739,10,2025-05-29,True
1074,Jose Williamson,barcher@example.net,5049221704,4,2025-12-12,True
1075,Nathaniel Johnson,dharris@example.org,2907399289,9,2025-09-05,True
1076,Justin Barnes MD,kendrahall@example.org,864942694,3,2026-06-14,True
1077,Melissa Ortega,craigjohn@example.com,9014599670,7,2026-01-09,True
1078,Joshua Lee,jonathan98@example.org,3884302178,1,2024-09-18,True
1079,Jasmine Bennett,elizabeth15@example.net,1649281503,5,2025-08-04,True
1080,Vanessa Gutierrez,brad03@example.org,8172628296,3,2025-07-16,True
1081,Erika Potts,elliszachary@example.net,9274116806,5,2026-04-03,True
1082,Brian Marsh,amyers@example.net,8203917026,7,2026-05-11,True
1083,Kurt Mccoy,dawncook@example.net,120424253,2,2025-02-15,True
1084,Brooke Walker,john28@example.com,6039670243,7,2025-10-05,True
1085,Elizabeth Bell,hollycoleman@example.net,8754036488,1,2026-04-12,True
1086,Yolanda Wright,joshua66@example.org,2360667998,9,2026-05-04,True
1087,Eric Velasquez,denniswilliams@example.com,9862269920,7,2024-09-25,True
1088,Timothy Silva,jaimecooper@example.net,9983358768,8,2024-09-25,False
1089,Thomas Hamilton,david48@example.org,8493153983,9,2025-06-28,True
1090,Allen Prince,kenneth76@example.org,4304913410,9,2026-07-28,True
1091,Mark Stephens,antoniosalazar@example.com,6422405920,8,2025-07-31,True
1092,Kelly Washington,zpatterson@example.org,8962980568,2,2025-04-06,True
1093,Mark Smith,hortiz@example.com,7240434741,7,2025-07-15,True
1094,Karen Montgomery,ddavis@example.com,7321750361,10,2026-07-08,True
1095,Marco Houston,garzazachary@example.org,7034244474,9,2024-11-18,True
1096,Alexander Brady MD,kimedwards@example.org,7651917085,3,2026-02-23,True
1097,Joshua Reed,michael34@example.org,8580558115,7,2026-07-06,True
1098,Maureen Wright,weeksbrandon@example.com,40930454,4,2026-01-10,True
1099,Danielle Leblanc DDS,gregorybrock@example.org,9662038588,3,2026-07-23,True
1100,Alexandria Myers,cathymorgan@example.com,6933356230,5,2025-11-28,True
1101,Kathy Hunter,gillmary@example.com,8987092019,7,2025-03-10,True
1102,Lori Werner,christiangonzalez@example.org,6115848580,9,2026-04-08,True
1103,Ashley Douglas,phillipsshawn@example.net,2053970774,7,2025-01-26,True
1104,Rachel Boyer,samanthawoodard@example.org,1461995394,2,2025-07-20,True
1105,Jason Wright,xlivingston@example.org,2618402578,2,2026-08-02,True
1106,Amber Reilly,longbob@example.com,6050281640,3,2026-05-27,True
1107,Laurie Vargas,brianyang@example.net,2520945237,1,2024-10-30,True
1108,Scott Andrews,tanyawilliams@example.net,275745449,5,2025-12-24,True
1109,Lisa Steele,jeffrey11@example.net,8189655834,4,2025-02-27,True
1110,Christopher Bauer,edward79@example.com,5660361624,6,2026-07-20,True
1111,Scott Moore,zwinters@example.org,3515850153,3,2025-06-26,True
1112,Tiffany Henderson,stewartbrian@example.net,9052244133,4,2025-01-18,True
1113,Michael Schmitt,jason57@example.net,5719189866,2,2025-06-22,True
1114,Stephen Spencer,nicolereeves@example.com,8768057023,9,2025-01-07,False
1115,Aaron Day,frankmorrison@example.com,3332973239,8,2025-09-03,False
1116,Tammy Morris,lisadonovan@example.com,9924277392,10,2024-09-01,True
1117,David White,kingvictoria@example.org,9332844234,3,2025-11-22,True
1118,Lawrence Marsh,urivera@example.org,4526075699,5,2025-10-09,True
1119,Allen Moran,pkramer@example.org,2622777733,8,2025-09-09,True
1120,James Mcfarland,zjohnson@example.com,3850360595,7,2025-12-27,True
1121,Dwayne Luna,bowmankylie@example.com,2740675826,6,2026-03-07,True
1122,Sarah Jordan,alexanderwilliams@example.net,3856461497,9,2025-05-01,True
1123,Ashley Schaefer,igoodman@example.net,9149860995,2,2025-07-24,True
1124,Christine Colon,iphillips@example.org,9461212898,8,2025-10-13,True
1125,Gina King,lyonsian@example.com,2239847422,3,2025-10-27,True
1126,Amy Palmer,reginaanderson@example.com,584168061,6,2026-01-30,True
1127,John Petty,peter58@example.com,9496383097,4,2025-11-15,True
1128,Joshua Berry,robertcruz@example.org,1655578645,8,2026-03-13,True
1129,Heather Snyder,esparzageorge@example.com,4000687586,8,2025-03-26,True
1130,Jason Gomez,daniel24@example.com,1899740233,9,2025-12-15,True
1131,Reginald Copeland,ucamacho@example.org,363094423,8,2026-08-02,False
1132,Faith Williams,anthonyfranklin@example.com,3490961979,8,2024-12-07,True
1133,William Peters,clarkpaul@example.com,4507356748,2,2024-11-09,True
1134,Courtney King,beasleybreanna@example.net,2602944203,2,2025-08-02,True
1135,Evelyn Ramirez,mcdonaldmegan@example.org,3197774867,6,2025-10-15,True
1136,Eric Palmer,rrojas@example.net,3088295868,2,2026-07-02,False
1137,Randall Jackson,pjohnson@example.com,9427674831,1,2025-06-06,True
1138,Kevin Sandoval,watsontina@example.net,7882426559,1,2025-05-10,True
1139,Taylor Reilly,dennishardy@example.org,1798902237,6,2025-09-08,True
1140,Veronica Stewart,monique87@example.org,7795417675,1,2026-01-02,True
1141,Sherry Stephens DDS,cameronkaitlyn@example.com,5915790894,2,2025-08-21,True
1142,Carol Serrano,williampierce@example.com,3802076123,7,2026-02-11,True
1143,Rachel Morrison,joanna88@example.org,9886182070,10,2024-12-12,True
1144,Jesse Anderson,lmaxwell@example.net,6893348649,10,2024-08-29,True
1145,John Stevens,yatkins@example.net,3557077312,7,2026-01-06,True
1146,Melanie Saunders,clowe@example.com,1879938444,5,2025-03-31,True
1147,Ashley Jones,parkertimothy@example.org,2350368715,1,2026-07-21,True
1148,Mark Johns,iwilliamson@example.org,3445684467,10,2024-09-26,False
1149,Sabrina Henderson DVM,lisa16@example.org,9573783159,9,2026-06-02,True
1150,Thomas Caldwell,ghall@example.com,291585423,3,2026-01-01,True
1151,Nancy Jones,courtney48@example.org,6073446746,9,2024-10-08,True
1152,Kimberly Santos,nadams@example.org,1705022181,3,2026-01-28,False
1153,Donna Murillo,kristinevans@example.com,6094837740,9,2024-09-24,True
1154,Mark Allen,kellijohnson@example.org,5099621836,5,2025-08-29,True
1155,Wanda Gutierrez,smithwendy@example.net,3420222349,5,2024-10-31,True
1156,Molly Stanton DDS,nfreeman@example.net,1779152446,3,2024-09-24,True
1157,David Garrison,ellismelissa@example.com,4260186372,7,2024-08-22,True
1158,Heather Conway,oenglish@example.com,9227764149,7,2025-09-21,True
1159,Tamara Kelley,kaufmanjulia@example.com,1344486722,2,2026-06-11,False
1160,Paul Frye,kingmichael@example.com,5749325114,10,2025-09-25,False
1161,Emily Brown,robertsbrandy@example.com,7766183085,6,2025-08-15,False
1162,Karen Sanchez,jamie15@example.org,4367862107,7,2024-10-15,True
1163,Michael Mccoy,rodney25@example.com,6802693315,8,2025-07-02,True
1164,Cody Brown,psawyer@example.net,522411420,4,2024-08-11,False
1165,David Rodgers,andrewbird@example.com,3382222400,4,2024-08-29,True
1166,Amber Gray,daviselizabeth@example.net,1134843391,7,2024-11-06,True
1167,Tina Wilson,ericquinn@example.com,6452342864,5,2025-04-25,True
1168,Dennis Hunt,llee@example.net,9536773498,7,2025-06-12,False
1169,Jared Schroeder,haley66@example.com,9147625380,4,2025-07-13,True
1170,Richard Wood,richardperkins@example.com,4746653538,1,2025-03-10,True
1171,Laura Beasley,ericharris@example.net,7924157127,3,2026-02-10,True
1172,Daniel Hopkins,gdunn@example.net,3906168249,6,2026-06-14,True
1173,Olivia Cobb,perrymichael@example.org,1683710307,7,2025-10-27,True
1174,Christopher Greer,hahnjoshua@example.net,7808264931,4,2025-05-07,False
1175,Randy Logan,usanders@example.net,2926456339,9,2025-05-21,True
1176,Renee Mccoy,alexander69@example.com,1266497196,10,2026-01-31,True
1177,Colleen Walker,johnsonstephanie@example.org,5901639949,5,2025-12-14,False
1178,Dillon Alvarez,qwhitaker@example.org,8140984101,3,2025-01-15,True
1179,David Stephens,moralestheresa@example.net,42028866,8,2025-01-08,True
1180,Andrea Oliver,wrightdrew@example.org,8548420353,10,2026-08-03,True
1181,Megan Tucker,harrisamy@example.org,5711713219,10,2025-12-24,True
1182,Sean Martin,robertsdavid@example.net,4527193678,1,2025-03-12,True
1183,Larry Allen,johnsondana@example.com,6194232154,9,2025-03-06,True
1184,Gary Jenkins,lchurch@example.com,6845525274,6,2024-10-02,True
1185,Nathan Brown,msilva@example.net,8856694899,8,2025-11-08,True
1186,Lori Cross,qhayes@example.com,5584227172,4,2025-04-29,True
1187,Jacob Green,alvarezelizabeth@example.org,4130686240,2,2026-02-09,True
1188,Mark Hess,dweaver@example.net,1728207623,6,2026-05-06,True
1189,Candace Perez,henryhawkins@example.com,8475283599,2,2025-04-16,True
1190,Nicholas Spencer,hjacobs@example.org,1135053572,1,2024-08-03,True
1191,Rebecca Kim,bowmansharon@example.com,8097830280,10,2024-11-06,True
1192,Sean Harding,kevinaustin@example.org,4478674280,1,2024-10-16,True
1193,Courtney Cruz,tyler80@example.net,7891213974,5,2025-12-08,True
1194,Gary Morris,robyn59@example.net,842906969,8,2025-09-27,True
1195,Rebecca Patterson,djones@example.com,6733745701,6,2026-05-18,True
1196,Daniel Beck,evansrachel@example.org,5308437699,3,2025-06-23,False
1197,Raymond Porter,marcuswalter@example.org,2324234800,2,2025-03-07,True
1198,Nathan Peterson,uburke@example.net,5749062796,5,2026-01-03,True
1199,David Hines,dianeoliver@example.com,5231582863,6,2024-12-01,True
1200,Jeffrey White,ramoscory@example.com,9220416782,1,2026-05-31,True

